; Name	ApoE4
; Species and nomenclature	Mus musculus, MGI symbols
; Motif collection	10K (9713 PWMs)
; Minimum NEScore	3.0
; Rank threshold for visualization	5000
; ROC threshold for AUC calculation (%)	0.03
; Minimum identity between orthologous genes	0.0
; Maximum false discovery rate (FDR) on motif similarity	0.001
; Motif rankings database	500bp upstream (7 species)
; Number of valid nodes	1105
; iRegulon version	iRegulon v1.3 (build: 2015-02-12)
# Rank	Motif id	AUC	NES	ClusterCode	Transcription factor	Target genes
1	yetfasco-655	0.036834	4.45462	M1		Zfp292,Cdc73,Enho,Gabrb3,Lrp6,Cntfr,Stt3a,Gse1,Rad54l2,Vstm2l,Lrrk2,Atp2b1,Slc2a1,Ssbp2,Kdm3a,Tle4,Epha6,Xrcc5,Napa,Csk,Cwf19l1,Cbll1,Lmo4,Sltm,Taf15,Slc35b1,Dmxl1,Lrrn3,Arhgap21,Rab8b,Spred1,Jun,Zfp180,Kctd1,B3galnt2,Hnrnph1,Gtpbp4,Rtn2,Pde1b,Lrp8,Letm2,Slc25a39,Sox5,Zdhhc21,Bad,Tcerg1l,Usp15,Cstf1,Ctxn2,Ino80b,Nin,Cdh18,Mapk14,Cnot2,Lyn,Trip12,Pinx1,Arid2,Qsox1,Dnajc21,Arntl,Nrp1,Cramp1l,Zfp318,1110001J03Rik,Arfgef1,Ndrg2,Rps12,Fam102a,Naa15,Foxp1,Bnip2,Mfap3l,Lzts2,Mef2a,H2afv,Rps6ka3,Eif2b3,C1qtnf5,Stag1,Tppp3,Dapk1,Nipbl,Mtmr12,Smug1,Sik2,Peg10,Zfp369,Slc24a4,E2f1,Drd2,Plcl2,Mettl17,Lhfpl5,Cnot6l,Ube2l6,Rictor,R3hdm1,Armc6,Bcor,Stx5a,Zcchc2,Trerf1,Zfp771,Strn,Emd,Zswim4,Dagla,Asap2,Rpl37,Kif2a,Rplp1,Rps10,Usp9x,Glrx5,Lrp3,Son,Sssca1,Xrn2,Cdk19,Stxbp5,Amacr,Sympk,Baz2a,Dmpk,Dennd4a,Edc4,Spred2,Hsd17b11,Plaa,Morn2,Mapkbp1,Tsc22d3,Fam136a,Ankhd1,Hivep2,Ino80,Arap2,Usp12,Akap5,Ptpre,Rock2,Tet2,Hist2h2be,Pdik1l,Dusp26,Foxp2,Cpeb1,Pds5a,Akt2,Mdk,Hspb6,Ccdc88c,Cdk8,Ccdc6,Tshz3,Fezf2,Phka2,Prkci,Slc23a2,Gmeb2,Ercc1,Smg7,Arpp21,Lrrc4,Pard3,H2afx,Ankrd27,Cd3eap,Abca1,St6galnac5,Ryk,Lpcat3,Prkag2
2	transfac_pro-M03177	0.0364492	4.36051	M2		Tbcc,Ssbp2,Syt1,Cnot1,Ino80,Rps29,R3hdm1,Spred2,0610011F06Rik,Cnot6l,Apbb2,Dhrs3,Arf3,D630045J12Rik,Scaf8,Hsd17b11,Caml,Lzts2,Pdik1l,Fezf2,Cdh11,Snx21,Olig2,Slc24a4,Atp2b2,Bcor,Stt3a,Tsr1,Armc8,Hivep2,Stag1,Tsc22d4,Parp8,Cntnap2,Rps6ka3,Prkag2,Morn2,Dusp15,Nrp1,Smg7,Sltm,Kdm3a,Pds5a,Nr3c1,Dapk1,Cdk19,Lrp6,Unc5d,Nipbl,Apln,Dyrk1a,Enho,Sema4a,Sema6a,Zfp609,Akap13,Hspb6,Vstm2l,Atp2b1,Lmo4,Srpk1,Nlgn1,Mapkbp1,Xrn2,Napa,Ucp2,Itga6,Scn8a,Sptlc2,Epha6,Cd82,Asap1,Zswim4,Bad,Cpeb1,Armc6,Taok1,Slc35b1,Sssca1,Xkr4,Ralgps2,Gse1,Nrd1,Nbea,Setdb1,Rhebl1,Arfgef1,G530011O06Rik,Cdyl2,Arpp21,Stx5a,Cyb561d2,Sik2,Ift27,Zcchc2,Dmxl1,Sox5,Pcsk7,St6galnac5,Stxbp5,Miat,Sympk,Asphd1,Cnot2,Sgip1,Setd5,Timm22,Dmxl2,Rpl37,Prph,Qtrtd1,Obsl1,Daam2,Rad54l2,Ndrg2,Srpk3,Pard3,Etv5,Dnajb2
3	transfac_pro-M03176	0.0361696	4.29213	M2		Tbcc,Ssbp2,Cnot1,Syt1,Ino80,R3hdm1,0610011F06Rik,Apbb2,Dhrs3,Olig2,D630045J12Rik,Sema6a,Pdik1l,Arf3,Snx21,Stt3a,Slc24a4,Cnot6l,Stag1,Nrp1,Cdh11,Armc8,Unc5d,Lzts2,Pds5a,Caml,Hsd17b11,Nr3c1,Scaf8,Lrp6,Tsr1,Atp2b2,Ralgps2,Bad,Ift27,Kdm3a,Hivep2,Nipbl,Cntnap2,Srpk1,Lmo4,Parp8,Cpeb1,Apln,Smg7,Akap13,Spred2,Sltm,Slc35b1,Rps6ka3,Tsc22d4,Ablim2,Itga6,Morn2,Xrn2,Prkag2,Bcor,Dapk1,Vstm2l,Atp2b1,Sema4a,Cnot2,Strn,Dyrk1a,Zfp609,Xkr4,Cd82,Sssca1,Enho,Scn8a,Qpctl,Cdk19,Dmxl1
4	transfac_pro-M03203	0.0354752	4.12228	M2		Bad,Stx5a,Nipbl,Stag1,Nbea,Atp2b2,Setd5,Rpl34,Slmap,Lmo4,Armc8,Slc35b1,Hspb6,Dact3,Syt1,Atxn7,Ssbp2,Etv5,Tjp1,St6galnac5,Zfp318,Cdk8,Mtmr12,Gabrb3,Cdh18,Ccdc88c,Ankrd44,Cdk19,Erf,C1qtnf5,Mib1,0610011F06Rik,Cpeb1,Dapk1,Slc25a39,Ino80b,Pfkfb3,Tceb1,Ankhd1,Fxyd1,Qpctl,Cited1,Ralgps2,Rhob,Srpk1,Crem,Mycbp2,Gm5577,Pnpla2,Cdh11,Snapc3,Actn1,2010204K13Rik,Glrx5,Cd151,Usp9x,Gse1,Asphd1,Akap13,D630045J12Rik,Apbb2,Snx21,Dgka,Mllt10,Atp5e,Zcchc2,Pcdh1,Mkl2,Sepp1,Rpl35,Pinx1,Stxbp5,Ubr5,Cnot1,Ufd1l,Zmym2,Morn2,Cdh22,Zfp771,Smad3,Usp15,Rnf165
5	homer-M01839	0.0351641	4.04618	M1		Cdc73,Lrp6,Zfp292,Stt3a,Cntfr,Gabrb3,Enho,Napa,Cwf19l1,Arhgap21,Gse1,Lmo4,Taf15,Rab8b,Slc2a1,Rtn2,Sltm,Atp2b1,Xrcc5,Tle4,Slc25a39,Lrrk2,Vstm2l,Jun,Ssbp2,Slc35b1,Lrp8,Zdhhc21,Epha6,B3galnt2,Cbll1,Usp15,Kdm3a,Tcerg1l,Dnajc21,Zfp180,Dmxl1,Cdh18,Lzts2,Rad54l2,Arid2,Gtpbp4,Letm2,Lyn,Mapk14,Fam102a,Rps12,Qsox1,Stag1,Csk,Lrrn3,Foxp1,Arntl,Zcchc2,Hnrnph1,Spred1,Mfap3l,Pde1b,Armc6,Plcl2,Tppp3,Drd2,E2f1,Nrp1,Rps10,Zfp369,Lrp3,Ankhd1,Sik2,Nin,Zfp318,H2afv,Cnot2,Strn,Cstf1,Rpl37,Ndrg2,Rps6ka3,Peg10,Sox5,Ctxn2,Ube2l6,1110001J03Rik,Cramp1l,Ino80b,Eif2b3,Mettl17,Asap2,Pinx1,Naa15,Dapk1,Stx5a,Mtmr12,Mef2a,Rictor,Usp12,Kctd1,Mdk,Bnip2,Lhfpl5,Bcor,Mapkbp1,R3hdm1,Dagla,Sympk,Dennd4a,Nipbl,Zfp771,Ptpre,Trerf1,Arfgef1,Lpcat3,Cpeb1,Ccdc88c,Dusp26,Amacr,Trip12,Slc24a4,Stxbp5,Hspb6,Lrrc4,Usp9x,Zswim4,Arap2,Edc4,Ryk,Bad,Akap5,Aldh1l1,Slc23a2,Tet2,Glrx5,Pds5a,Hist2h2be,Fam76b,St6galnac5,Phka2,Snca,Plaa,Prkag2,Kif2a,Cdk19,Arf3,Son,Foxp2,Akt2,Eml4,Ralgps2,Pip5k1a,Fkrp,Actn1,Pias1,Acvr1,Pdik1l,Spred2,Col5a1,Cnot6l,Rock2,Tshz3,Ercc1,Cd3eap,Dcbld2,Emd,Sumo2,Far2,Dmpk,Rhob,Ino80,Klf15,4933439C10Rik,Smg7,Prkci,Mettl2,Sgip1,Ccdc6,Nup98,Fbxo27,Wdr53,Ankrd27
6	transfac_pro-M01684	0.0349281	3.98846	M1		Cdc73,Lrp6,Enho,Gabrb3,Zfp292,Tle4,Stt3a,Slc2a1,Vstm2l,Slc25a39,Cntfr,Dnajc21,Cwf19l1,Napa,Epha6,Lmo4,Taf15,Arhgap21,Gse1,Letm2,Slc35b1,Rab8b,Jun,Xrcc5,Kdm3a,Ssbp2,Atp2b1,Lrrk2,Rtn2,Rad54l2,Cdh18,Csk,Cbll1,Lzts2,Sltm,Dmxl1,Zfp180,Foxp1,Lyn,Lrp8,Gtpbp4,Kctd1,B3galnt2,Zdhhc21,Nrp1,Nin,Lrrn3,Tcerg1l,Ankhd1,Qsox1,Arntl,Fam102a,Pde1b,Mapk14,Mfap3l,Usp15,Arid2,Rps12,Plcl2,Sik2,Hnrnph1,Armc6,Ctxn2,Stag1,Spred1,Sox5,1110001J03Rik,Zcchc2,Pinx1,Zfp771,Zfp318,Cstf1,R3hdm1,Cnot2,Trerf1,Zfp369,Tppp3,Foxp2,Drd2,Ndrg2,Eif2b3,Ino80b,Rpl37,Strn,Naa15,Ube2l6,Peg10,Bcor,H2afv,Glrx5,Mettl17,Bad,Dapk1,Sympk,Lhfpl5,Mtmr12,Cramp1l,Nipbl,Mdk,Hspb6,Dennd4a,Rps10,Bnip2,Stxbp5,E2f1,Stx5a,Nrd1,Zswim4,Nup98,Ptprj,Usp12,Mapk8,Rps6ka3,Mef2a,Son,Spred2,Asap2,Trip12,Lrp3,Cdk19,Cdr2l,St6galnac5,Amacr,Xrn2,Ltbp1,Rictor,Slc24a4,Kif2a,Cpeb1,Tshz3,Dmpk,Slc23a2,Lpcat3,Ccdc6,Arfgef1,Prkag2,Ankrd27,Mapkbp1,Plaa,Prkci,Pip5k1a,Eml4,Akap5,Fam76b,Acvr1,Usp9x,Pias1,Edc4,Ino80,Ptpre,Sgip1,Mettl2,Lrrc4,Ercc1,Dagla,Cnot1,Cnot6l,Morn2,Phka2,Arap2,Ralgps2,Cd3eap,Ccdc88c,Pdik1l,Dusp26,Aldh1l1,Hist2h2be,Mkx,Slc4a7,Tet2,Lrba,Ecel1,Fam136a,Rock2,Dnajb2,Akt2,Rhob,Gria3,Col5a1,Emd,Snca,2210018M11Rik,Far2,Nav1,Baz2a,Etv5,Smg7,Zfp335,Ddit4,Actn1,Dock7,Ryk,Tceb1,Slmap,Pard3,Arf3,Fezf2,Smox,Wdr53,Pds5a,H2afx,AI314180,Tsc22d3,Sumo2,Smug1,Snx21,Ppp2r2a,Fkrp,Hivep2,Neto1,Maged2,Mast3,Stim2,Sema6a,Dhrs3,Eea1,Map4k3,Akap13,Gpam,Otud4,Pold4,Nuak1,Mettl5,Etv6,Rc3h2,Rnaseh2c,Amigo2,Pcsk7,Dcbld2,Phtf2,C1qtnf5,Adcy9,Kcnk12,Scaf8,Sssca1,Rnf111,Cpt1a,Klf15,Ubr5,Rsf1,Cited1,Mdc1,Robo2,Acap2,Unc45a,Iqgap2,Tmem158,D630045J12Rik,Cdk8,Fbxo27,Slc11a2,Ylpm1,Tjp1,Stx2,Zfp14,Gm5577,Zfp445,Rps29,Rplp1,Snapc3,Wtip,Epha4,Snta1,Prkg1,Phf8,1110008P14Rik,Sap30l,Plxna3,Paqr8,4933439C10Rik,Gnl3,Fam188a,Tpp2,Dnajc13,Stxbp5l,Bcl11a,Sptlc2,Arpp21,1810022K09Rik,Gmeb2,Prickle1,Nol10,Tasp1,Rell2,Spag5,Ly6h,Mrpl52,Hsd17b11,Pcdh1,Arnt,Atp2b2,Nvl,Kcnh5,1110032F04Rik,Zcchc12,Uqcr11,Fam171a1,Srpk1,Herc2,Gjb6,Lrfn2,Nudt17,Pex16,Tfam,Zzz3,Sdc4,Gria2,Celf1,Smad3,Prrg3,Olig2,Phospho1,Unc5d,Trim33,Resp18,Nbea,Taok1,Chchd5,Ubr3,Usp29,Scn8a,Acy1,Rps6,Apbb2,Uggt2,Tbc1d1,Trim2,Gls,Uqcrq,Ankmy2,Cntnap2,6430571L13Rik,Grcc10,Mrpl54,Cdh11,Sdhaf1,Atp5e,Mfsd7b,Sec23a,Tsr1,Mrps16
7	jaspar-MA0320.1	0.034871	3.97449	M1		Zfp292,Cdc73,Lrp6,Cntfr,Stt3a,Enho,Slc2a1,Gabrb3,Ssbp2,Napa,Lmo4,Cwf19l1,Gse1,Xrcc5,Vstm2l,Rab8b,Cbll1,Arhgap21,Atp2b1,Dmxl1,Tle4,Lrrk2,Jun,Rtn2,Slc35b1,Taf15,Epha6,Rad54l2,Sltm,Gtpbp4,Zfp180,Lrp8,Kdm3a,Cdh18,Hnrnph1,Lrrn3,Arid2,Lyn,Letm2,Cnot2,Tcerg1l,Zdhhc21,Slc25a39,Fam102a,Nin,Lzts2,Ino80b,Csk,Rps6ka3,Spred1,Arntl,B3galnt2,Mfap3l,Foxp1,Arfgef1,Pinx1,Nrp1,Qsox1,Usp15,Mapk14,Cstf1,Plcl2,Ctxn2,Dnajc21,Stag1,Tppp3,Peg10,Mef2a,Zfp318,Rps12,Armc6,Bnip2,Pde1b,Zfp369,Kctd1,H2afv,Cnot6l,Ndrg2,Sox5,Mettl17,Rps10,Lhfpl5,Drd2,Zcchc2,Lrp3,Bad,Eif2b3,Trerf1,E2f1,R3hdm1,1110001J03Rik,Stx5a,Ube2l6,Rictor,Stxbp5,Dagla,Mtmr12,Zswim4,Nipbl,Sik2,Dennd4a,Trip12,Naa15,Bcor,Dapk1,Glrx5,Asap2,Pds5a,Sympk,Amacr,Cramp1l,Ccdc88c,Ankhd1,Dusp26,Ptpre,Rpl37,Mdk,Strn,Usp12,Hist2h2be,Phka2,Slc24a4,Ccdc6,Usp9x,Ryk,Cdk19,Arap2,Akap5,Smug1,Xrn2,Tshz3,Slc23a2,Aldh1l1,Edc4,Hspb6,Ercc1,Lrrc4,Nup98,Arpp21,Hivep2,Fam136a,Son,Tet2,Spred2,Gmeb2,Wdr53,Cpeb1,Pdik1l,Emd,Fkrp,Zfp771,Akt2,Klf15,Snca,Tsc22d3
8	transfac_pro-M02873	0.0345809	3.90353	M3	Irf5,Irf4,Irf6	Itga6,Rnf111,Zfp292,Actn1,Obsl1,Prkg1,Iqgap2,Kdm3a,Foxp1,Dynlrb1,Bad,Lpcat3,Nrp1,Gpatch8,Gm561,Tppp3,Pcdh1,Ssh2,Rc3h2,Zfp609,Pinx1,Lmo4,Smg7,Cpd,Rsf1,2610203C20Rik,Mcts1,Kcnh7,Otud4,Mkl2,Kctd1,Mapk14,Rhbdd3,Runx1t1,Foxp2,Ubr2,Lzts2,Acy1,Ddx50,Slc11a2,Cntnap2,Pold4,Sytl2,Ly6h,Nrd1,Mrpl52,Ubr3,Nlgn1,Baz2b,Aga,Nipbl,Rps6ka3,Acvr1,Lace1,Ssbp2,Dact3
9	transfac_pro-M03172	0.0343599	3.84949	M2		Bad,Stag1,Nbea,Lmo4,St6galnac5,Nipbl,Rpl34,Slmap,Stx5a,Atp2b2,Syt1,Dact3,Cdk8,Etv5,Ankrd44,Cdk19,Atxn7,Ssbp2,0610011F06Rik,Mib1,Cdh18,Ino80b,Gabrb3,Pfkfb3,Ankhd1,Gm5577,Mtmr12,Cited1,Hspb6,Akap13,Cnot1,Ccdc88c,Slc35b1,Usp15,Cdh11,Zfp318,Setd5,Tceb1,Erf,Morn2,Fxyd1,Cpeb1,Dyrk1a,Srpk1,2010204K13Rik,Zcchc2,Snapc3,Dapk1,Actn1,Glrx5,Zmym2,Pcdh1,Stxbp5,Ufd1l,Sepp1,Gse1,Armc8,Slc25a39,Rpl35,Arap2,Mkl2,Rhob,Qpctl,Rnf165,Cyb561d2,Rps6ka3,Nup98,Cntfr,Zfp771,Slc24a4,Sf3b5,Apoe,Dagla,Ubr5,Zfp369,Arfgef1,Dgka,Amigo2,Xkr4,Zfp644,Csk,Epha6,Stat6,Tjp1,Usp9x,Mef2a,Abi1,Cnot6l,Ltbp1,Usp29,Ralgps2,Snx21,Herc2,Rsf1,Kctd1,Thoc2,Tfam,Hpca,Cramp1l,Ino80,Atp5e,Kdm3a,Pnpla2,Acy1,Runx1t1,Otud4,Vstm2l,Prph,H2afv,Dmpk,Mllt3,Agfg1,Cacnb4,Wdfy1,Dhrs3,Pinx1,Mycbp2,Nfkbil1,Rtf1,Nfib,C1qtnf5,Rnf111,Plcl2,Cdr2l,Tbcc,Arf3,Lgi4,Nrd1,Asphd1,Pim3,Nedd4l,Usp27x,Lzts2
10	transfac_pro-M03200	0.0342848	3.83111	M2		Bad,Stx5a,Armc8,Atp2b2,Setd5,Stag1,Nbea,St6galnac5,Hspb6,Tjp1,Nipbl,Atxn7,Rpl34,Erf,Cnot1,Ssbp2,Tbcc,Dapk1,Zcchc2,Slc35b1,Mtmr12,Zmym2,Cpeb1,Syt1,Crem,Ralgps2,Kdm3a,Lmo4,Apbb2,Qpctl,D630045J12Rik,Cdh18,Ankhd1,Usp15,Sltm,Glrx5,Etv5,Srpk1,Rps29,Mib1,Mllt10,Arf3,Ino80,Dgka,Ankrd44,Akap13,C1qtnf5,Cited1,Dact3,Dyrk1a,Zfp318,Mycbp2,Slc25a39,Fezf2,Gabrb3,Ilf2,Hnrnph1,Cd151,Ccdc88c,Cyb561d2,Atp5e,Ino80b,Coch,Smad3,Dhrs3,Usp9x,Cnot6l,2010204K13Rik,Sema5b,Cntfr,Rhob,0610011F06Rik,Morn2,Itga6,Lzts2,Rpl35,Gm5577,Pdik1l,Slmap,Cdk8,Nup98
11	transfac_pro-M03168	0.0342637	3.82596	M2		Bad,Stx5a,Nipbl,Nbea,Stag1,Rpl34,Setd5,Atp2b2,Armc8,Hspb6,Lmo4,Slmap,Atxn7,St6galnac5,Slc35b1,Etv5,Ankrd44,Tjp1,Dact3,Cdh18,Zfp318,Gabrb3,Erf,Cdk8,0610011F06Rik,Mtmr12,Mib1,Syt1,Ino80b,Ssbp2,Ankhd1,Cdk19,Cpeb1,Ccdc88c,Pfkfb3,Dapk1,Cited1,Qpctl,Gm5577,Srpk1,Ralgps2,Slc25a39,Crem,C1qtnf5,Akap13,2010204K13Rik,Tceb1,Glrx5,Rhob,Pnpla2,Zcchc2,Mllt10,Fxyd1,Sepp1,Cd151,Apbb2,Cdh11,Ufd1l,Pcdh1,Dgka,Mycbp2,Mkl2,Gse1,Snapc3,Zmym2,Morn2
12	transfac_pro-M03181	0.0339691	3.75391	M2		Tbcc,Ssbp2,Ino80,Syt1,Cnot1,0610011F06Rik,Cnot6l,Spred2,Slc24a4,D630045J12Rik,Stt3a,Apbb2,Stag1,R3hdm1,Snx21,Pdik1l,Nipbl,Lzts2,Caml,Rps29,Hsd17b11,Arf3,Cdh11,Scaf8,Dhrs3,Hivep2,Lrp6,Atp2b2,Rps6ka3,Bcor,Tsr1,Tsc22d4,Enho,Fezf2,Olig2,Armc8,Kdm3a,Lmo4,Cntnap2,Morn2,Sltm,Hspb6,Cdk19,Dusp15,Akap13,Prkag2,Atp2b1,Itga6,Dyrk1a,Dapk1,Parp8,Ift27,Epha6,Smg7,Vstm2l,Xrn2,Nrp1,Napa,Sssca1,Cpeb1,Sema6a,Unc5d,Sema4a,Sptlc2,Srpk1,Nlgn1,Ralgps2,Cd82,Zfp609,Nr3c1,Arfgef1,Apln,Stxbp5,Mapkbp1,Taok1,Gse1,Xkr4,Zswim4,Mtmr12,Scn8a,Nrd1,Setd5,Pds5a,Daam2,Rab3gap2,Asap1,Cdyl2,Ucp2,Pcsk7,Stx5a,Bad,Ttc9b,Cnot2,Sik2,Chchd5,Galnt2,Armc6,Zcchc2,Pard3,Slc35b1,G530011O06Rik,Dmxl1,Cyb561d2,Etv5,Asphd1,Strn,Trmt2a,St6galnac5,Nbea,Srpk3,Sox5,Arntl,Ndrg2,Lrrn3,Dnajb2,Fam76b,Sympk,Trib2,Rpl37,Timm22,Prph,Miat,Tet2,Rhebl1,Qtrtd1,Cntfr,Gabrb3,Dmxl2,Nhlrc3,Sgip1,Obsl1,Ddit4,Pde1b
13	jaspar-MA0352.1	0.0330478	3.52854	M1		Kctd1,Tle4,Vstm2l,Cnot1,Ino80b,Dhrs3,Lrp6,Glrx5,Cramp1l,Jun,Prmt5,Fam188a,Nudt17,Nlgn1,Cdc73,Kdm3a,St6galnac5,Stt3a,R3hdm1,Trerf1,Trip12,Naa15,Atp2b1,Slc35b1,Letm2,Cntfr,Tcerg1l,Etv5,Ctxn2,Baz2b,Cbll1,Slc24a4,Napa,Dapk1,Gabrb3,Prkci,Nuak1,Cdh18,Rgs7bp,Amacr,Lmo4,Mapk14,2810403A07Rik,Nrp1,Rab8b,Dnajc13,Zfp292,Lhfpl5,Nav1,Sox5,Ly6h,Pias1,Rad54l2,Mrpl34,Eml4,Cnot2,Phtf2,Scaf8,Slc2a1,Mettl17,Foxp1,H2afv,Otud4,Tsc22d4,Mrpl54,Bcl11a,Smug1,1810022K09Rik,Ralgps2,Asap1,Sgip1,Ylpm1,Strn,Pinx1,Mdc1,Rpl34,Stxbp5l,Hsd17b11,Ercc1,Ccdc6,Prkag2,Smad3,Lrrk2,Fam76b,Nfxl1,Slc25a39,Dagla,Asap2,Mdk,Krtcap2,Pip5k1a,Stat6,Morn2,Drd2,Ntng2,Trib2,Fezf2,Lrba,Zcchc2,Tfam,Ankrd27,Smc6,Sorbs2,Gjb6,Cited1,Afap1l1,Rsf1,Ttc9b,Tasp1,Phka2,Ubr5,Sik2,Neto1,Zfp369,Tsr1,Hnrnph1,Ddit4,Mapkbp1,Amigo2,Iqgap2,Rnaseh2c,Foxp2,Taf15,Rps12,Tppp3,Qpctl,Bcor,Iars2,Epha6,Fam136a,Sae1,Arid2,Nhlrc3,Ltbp1,H2afx,Rictor,Ecel1,Stx5a,Spag5,Spred2,0610011F06Rik,D630045J12Rik,Plcl2,Dock3,Usp12,Thoc2,Slc4a7,Tbc1d1,Snca,Rc3h2,Gm7120,Sptlc2,Etv6,Phb,Kcnk12,Son,Taok1,Dnajc1,Peg10,Sdc4,Zfp771,Pdrg1,B3galnt2,Taco1,Lrp8,Sap30l,Abi1,Cdr2l,Apbb2,Atp5e,Rtn2,Snx21,Asb7,Mlxip,Mettl2,Stxbp5,Pold4,Mfsd7b,Sufu,Atp2b2,Dopey1,Trmt6,Mtmr12,Slc23a2,Hirip3,Cpeb1,Osbpl3,Ccdc85b,Sympk,Nvl,Armc6,Lig3,Mtpn,Cacnb4,Asphd1,Trim2,Ptprj,Ccdc92,Hmgn3,Mib1,Helq,Man2b1,Apln,Acin1,Rab3gap2,Gria2,Car12,Herc2,Map4k3,Cntnap2,Gls,Usp15,Zcchc12,Sssca1,Mrps16,Pdik1l,Arntl,Nrsn2,Mef2a,Ptpre,Kif2a,Stag1,Zswim4,Tex10,Pla2g12a,Xrn2,Cstf1,Bcam,Trim33,Mkx,Zfc3h1,Olig2,Cpt1a,Atg16l1,Rufy1,Dmxl1,Celf1,Lancl1,Mt2,Ubap2l,Runx1t1,Ap4e1,Etfb,Nbea,Pfkfb3,Ino80,Uqcr11,Sf3b3,Snta1,Zfp318,Dock7,Abca1,Robo2,Gse1,Zfp335,Raph1,Ankrd35,Tjp1,Epha4,Nup98,E2f1,Gtpbp4,Tceb1,Mapk8,Ndufs7,Med23,Prkg1,Skil,Zfp180,Cdk8,Stim2,Actn1,Snapc3,Tpp2,Acap2,Baz2a,Plaa,Zdhhc21,Xkr4,Cnot6l,Fam81a,Nrd1,Sema5b,Zdhhc5,Rhob,Slmap,Traf6,Syt1,Gstm6,Cwf19l1,Zfp14,Acvr1,Scn8a,Rock2,Lag3,Chchd3,Uqcrq,Pfkfb2,Dph2,Pold3,Hpca,Rnpc3,Hist2h2be,Tmem158,Usp29,Bad,B3galt5,Hspb6,Atxn2,Dennd4a,Acp6,Fsd1l,Sars2,Mrps12,Sumo2,1500009C09Rik,Trub2,Lpcat3,Rnf165,Phospho1,Nol10,Cpd,Sytl2,1110008P14Rik,Ocrl,Trh,Dmap1,Bbc3
14	yetfasco-485	0.0330478	3.52854	M1		Kctd1,Tle4,Vstm2l,Cnot1,Ino80b,Dhrs3,Lrp6,Glrx5,Cramp1l,Jun,Prmt5,Fam188a,Nudt17,Nlgn1,Cdc73,Kdm3a,St6galnac5,Stt3a,R3hdm1,Trerf1,Trip12,Naa15,Atp2b1,Slc35b1,Letm2,Cntfr,Tcerg1l,Etv5,Ctxn2,Baz2b,Cbll1,Slc24a4,Napa,Dapk1,Gabrb3,Prkci,Nuak1,Cdh18,Rgs7bp,Amacr,Lmo4,Mapk14,2810403A07Rik,Nrp1,Rab8b,Dnajc13,Zfp292,Lhfpl5,Nav1,Sox5,Ly6h,Pias1,Rad54l2,Mrpl34,Eml4,Cnot2,Phtf2,Scaf8,Slc2a1,Mettl17,Foxp1,H2afv,Otud4,Tsc22d4,Mrpl54,Bcl11a,Smug1,1810022K09Rik,Ralgps2,Asap1,Sgip1,Ylpm1,Strn,Pinx1,Mdc1,Rpl34,Stxbp5l,Hsd17b11,Ercc1,Ccdc6,Prkag2,Smad3,Lrrk2,Fam76b,Nfxl1,Slc25a39,Dagla,Asap2,Mdk,Krtcap2,Pip5k1a,Stat6,Morn2,Drd2,Ntng2,Trib2,Fezf2,Lrba,Zcchc2,Tfam,Ankrd27,Smc6,Sorbs2,Gjb6,Cited1,Afap1l1,Rsf1,Ttc9b,Tasp1,Phka2,Ubr5,Sik2,Neto1,Zfp369,Tsr1,Hnrnph1,Ddit4,Mapkbp1,Amigo2,Iqgap2,Rnaseh2c,Foxp2,Taf15,Rps12,Tppp3,Qpctl,Bcor,Iars2,Epha6,Fam136a,Sae1,Arid2,Nhlrc3,Ltbp1,H2afx,Rictor,Ecel1,Stx5a,Spag5,Spred2,0610011F06Rik,D630045J12Rik,Plcl2,Dock3,Usp12,Thoc2,Slc4a7,Tbc1d1,Snca,Rc3h2,Gm7120,Sptlc2,Etv6,Phb,Kcnk12,Son,Taok1,Dnajc1,Peg10,Sdc4,Zfp771,Pdrg1,B3galnt2,Taco1,Lrp8,Sap30l,Abi1,Cdr2l,Apbb2,Atp5e,Rtn2,Snx21,Asb7,Mlxip,Mettl2,Stxbp5,Pold4,Mfsd7b,Sufu,Atp2b2,Dopey1,Trmt6,Mtmr12,Slc23a2,Hirip3,Cpeb1,Osbpl3,Ccdc85b,Sympk,Nvl,Armc6,Lig3,Mtpn,Cacnb4,Asphd1,Trim2,Ptprj,Ccdc92,Hmgn3,Mib1,Helq,Man2b1,Apln,Acin1,Rab3gap2,Gria2,Car12,Herc2,Map4k3,Cntnap2,Gls,Usp15,Zcchc12,Sssca1,Mrps16,Pdik1l,Arntl,Nrsn2,Mef2a,Ptpre,Kif2a,Stag1,Zswim4,Tex10,Pla2g12a,Xrn2,Cstf1,Bcam,Trim33,Mkx,Zfc3h1,Olig2,Cpt1a,Atg16l1,Rufy1,Dmxl1,Celf1,Lancl1,Mt2,Ubap2l,Runx1t1,Ap4e1,Etfb,Nbea,Pfkfb3,Ino80,Uqcr11,Sf3b3,Snta1,Zfp318,Dock7,Abca1,Robo2,Gse1,Zfp335,Raph1,Ankrd35,Tjp1,Epha4,Nup98,E2f1,Gtpbp4,Tceb1,Mapk8,Ndufs7,Med23,Prkg1,Skil,Zfp180,Cdk8,Stim2,Actn1,Snapc3,Tpp2,Acap2,Baz2a,Plaa,Zdhhc21,Xkr4,Cnot6l,Fam81a,Nrd1,Sema5b,Zdhhc5,Rhob,Slmap,Traf6,Syt1,Gstm6,Cwf19l1,Zfp14,Acvr1,Scn8a,Rock2,Lag3,Chchd3,Uqcrq,Pfkfb2,Dph2,Pold3,Hpca,Rnpc3,Hist2h2be,Tmem158,Usp29,Bad,B3galt5,Hspb6,Atxn2,Dennd4a,Acp6,Fsd1l,Sars2,Mrps12,Sumo2,1500009C09Rik,Trub2,Lpcat3,Rnf165,Phospho1,Nol10,Cpd,Sytl2,1110008P14Rik,Ocrl,Trh,Dmap1,Bbc3
15	factorbook-NFY-UA2	0.0328178	3.4723	M4	Pbx3	Ankhd1,Stxbp5l,Stt3a,R3hdm1,Sufu,H2afv,Glrx5,Letm2,Ankrd54,Stx5a,Nup98,Sfpq,Rbm27,Slc4a7,Akap13,Ubp1,Zfp143,Abhd8,Phtf2,Gm10052,Rnf20,Ltn1,Coq7,Ccdc61,Zswim4,Fam76b,Ankrd27,Tnip1,Acap2,Ankzf1,Ift27,Actn1,Dynlrb1,Osbpl3,6430571L13Rik,Ntng2,Prpf8,Sap30l,Mtmr12,Nubp2,Akap5,Trib2,Fam105a,Strn,Nr3c1,Itga6,Gls,Grcc10,Nrp1,Ercc2,Sdhaf1,Trmt2a,1810043H04Rik,Asphd1,Prmt5,Foxp1,Tle4,Trappc6a,Bloc1s3,Cntnap2,Sars2,Acin1,Mrps12,Lmo4,Arnt,Nbea,Ctxn2,Copg2,Celf1,Ubap2l
16	transfac_pro-M03183	0.0325127	3.39767	M2		AI314180,St6galnac5,Kdm3a,Slc35b1,Trmt2a,Stt3a,Nipbl,Sumo2,Lmo4,Vstm2l,Dyrk1a,Abi2,Ssbp2,Smug1,Dgka,Fezf2,Setd5,Rhbdd3,Bad,Lzts2,Ralgps2,Ankhd1,Usp15,Xrcc5,Gse1,Arpp21,Mef2a,Dock7,Tbcc,Plcl2,Slc25a39,Pcdh1,Cited1,Stxbp5l,Dapk1,Arfgef1,Gm5577,1700025G04Rik,Cnot2,Tppp3,Kctd1,Zfp143,Stag1,Cntfr,Nrp1,Sepp1,Ddx50,Mib1,Pds5a,Atp2b2,Hivep2,Gemin6,Rps6,Zfp280d,H2afv,Pcsk7,Glrx5,Tet2,Map4k3,Usp9x,Akap13,Tgfbr1,Epha6,Far2,Zswim4,Napa,Stx5a,Spred1,Nup98,Rbm27,Rpl35,Dact3,Rps6ka3,Cnot6l,Gtpbp4,Dopey1,Lrp10,Sltm,Kcnk12,Mtmr12,Ppil4,D630045J12Rik,Acvr1,Tceb1,Fam76b,Ndrg2,Pde1b,Snx21,Tcerg1l,Ino80,Cdr2l,Srpk1,Coch,Sik2,Etv5,Rpl34,Slmap,Mapkbp1,Lpcat3,Nfib,Rock2,Morn2,Rpl37,Sympk,Cdk8,Rab8b,Cpeb1,Phospho1,Ift27,Pdik1l,Slc11a2,Xkr4,Sema5b,Cdh11,Rps12,Cnot1,R3hdm1,Syt1,1110007C09Rik,Gm561,Mdc1,Sssca1,Trim28,Ccdc88c,Lrp8,Lrrn3,Gabrb3,Dagla,Rhob,Chchd5,1110032F04Rik,Nkx6-2,Nuak1,Cd82,Ilf2,Ddx20,Zfp609,Nrd1,Crem,Nfkbil1,2610203C20Rik,Emd,Sqrdl,Spag5,Smad3,Ccdc6,Cdk19,Trp53,Nbea,Mapk14,Ccar1,Ccdc124,Hsd17b11,Ufd1l,Otud4,Lrp6,Zfp771,Asap1,Gls,Nop58,Arhgap21,Cdc23,Zfp644,Pold2,Lrrk2,Trerf1,Sap30l,Prkg1,Nell2,Mark4,Atp2b1,Lsp1,Cntnap2,Fam171a1,Map4k5,Ssh2,Kcnh7,Lancl1,Enho,Tbc1d1,Uqcr11,Asphd1,Parp8,Prickle1,Foxp2,Cyp2s1,Hnrnph1,Wdfy1,Thoc2,Mcts1,Mfsd7b,Celf5,Phka2,Rufy1,Son,Ipmk,Xrn2,Sptlc2,Caml,Gpatch8,Dmp1,Tmc6,Nin,1810022K09Rik,Prph,Dhrs3,Mrps33,Clvs1,Mkx,Zfp180,Bcor,Taf15,Galnt2,Unc45a,Slc24a4,Gltscr2,Wdr75,Unc5d,Podxl2,Uxs1,Bnip2,Itga6,Raph1,C1qtnf5,Smox,Daam2,Lrfn2,Mettl2,Baz2a,Hddc3,Actn1,Cpt1a,Kcnh5,Ltbp1,Zfp292,Ankrd44,Ctps,Sgip1,Tsc22d4,Cdh18,Taok1,Stx2,Sae1,Rplp1,Ltbp4,Abca1,Scaf8,Herc2,3110040N11Rik,Rad54l2,Dync1h1,Rnf111,Galnt6,Slc2a1,1110008P14Rik,Mdk,Sox5,Nhlrc3,Pold4,Apoe,B3galt5,Atxn3,Mrpl34,Atxn7,Pex16,Rell2,Med23,Phtf2,Mllt3,0610011F06Rik,Ttll4,Rrp9,Foxp1,S1pr5,Pfkfb3,Abi1,Hirip3,Cd3eap,Csk,Mpped1,Nfxl1,Pfkfb2,Meg3,Zzz3,Gpam,Grin2d,Atg16l1,Stk38,Paqr8,Atp5e,Arf3,Eml4,Zfp369,Podxl,Snrpf,Zc3h3,Strn,Qtrt1,Qpctl,4933439C10Rik,Olig2,Ankrd27,Dmxl2,Pomc,Glt1d1,Sf3b5,Dnajb2,Flnb,Smg7,Sema4a,Mlxip,Cpd,Serac1,Scn8a,Tmem62,Mfap3l,Prpf8,Fam105a,Zfp446,Tpp2,2810403A07Rik,Nol10,Sh3pxd2b,Eea1,Trh,Hpca,Lig3,Amigo2,Akap5,Trmt6,Secisbp2,Mkl2,Letm2,Slc4a7,Gria3,Net1,Usp34,Snrnp48,Cyb561d2,Cdyl2,Skil,Sardh,Fgd4,Klhdc8a,Crocc,Epha4,Wdr26
17	transfac_pro-M03199	0.0324435	3.38075	M2		Ssbp2,Lmo4,Bad,Stx5a,Atp2b2,St6galnac5,Dyrk1a,Glrx5,Tbcc,Syt1,Nrd1,Cdk19,Kdm3a,Nipbl,Usp15,Vstm2l,Rpl34,Cnot1,Atxn7,Rps6ka3,Cnot6l,Ino80,Dgka,Nop58,Akap13,Setd5,Cntfr,Slc35b1,D630045J12Rik,Morn2,Stag1,Lzts2,Arhgap21,Cdc73,Gabrb3,Sema6a,Sltm,Snx21,Usp9x,Atp2b1,Scn1b,Armc8,Epha6,Wdfy1,Srpk1,Ralgps2,Enho,Cpeb1,Hspb6,Mapkbp1,C1qtnf5,Actn1,Dapk1,Zfp318,Mtmr12,Dact3,Plcl2,Apbb2,Rhob,Dnajc21,Fezf2,Erf,Pdik1l,Cdh11,Mib1,Slc25a39,Meg3,Gse1,Zfp771,Ilf2,Rps29,Cdh18,Sema5b,Nfib,Pcdh1,Nbea,R3hdm1,Ocrl,Tet2,Qpctl,Cited1,Rpl35,Ccdc88c,Cdk8,Ltbp1,0610011F06Rik,Parp8,Caml,Slmap,Chchd5,Zfp369,Rsf1,Nup98,Kptn,Cdh22,Mdc1,Plaa,Coch,Pfkfb3,Pds5a,Fam76b,Taf15,Arfgef1,Csk,Spred2,Tmc6,Zcchc2,Arf3,B3galnt2,Arap2,Ssh2,Cyb561d2,Sik2,Rufy1,Zfp292,Tceb1,Cnot2,Scaf8,Zfp609,Emd,Arpp21,Hivep2,Asap1,Tbc1d1,Napa,Srrm1,Agfg1,Prkag2,A230072C01Rik,Tle4,Xrn2,Afap1l1,Lrp6,Foxp2,Lrrk2,Smad3,Armc6,Hsd17b11,Pinx1,Arntl,Rnf111,Xkr4,Stt3a,Apoe,Nrp1,Cd82,Cdyl2,Atp5e,Sympk,Gpam,Smg7,Ecel1,Prkci,Abi1,Nlgn1,Ift27,Kcnh5,Nuak1,Mrps16,Rpl37,Gls,Dcbld2,Dmxl1,Pim3,Cntnap2,Cdr2l,Tjp1,Rad54l2,Acvr1,Dusp15,Snapc3,Prph,Daam2,Mllt3,Ufd1l,Bcor,Rc3h2,Usp27x,Acap2,Lrp8,Ankrd44,Zswim4,Olig2,Uggt2,Mapk14,Ccdc124,Npr2,Tfam,Pcsk7,Pold3,Abi2,Dhrs3,Zmym2,Asb7,Tgfbr1,Ubap2l,Mlxip,Slc8a2,Stxbp5,Zfp207,Zfc3h1,Lgi4,Dnajb2,Gm5577,Pnpla2,Scn8a,Slc24a4,Lrrc8a,Secisbp2,Lrba,Ccar1,Itga6,Fxyd1,Lrrn3,Pias1,Asphd1,Ddit4,Lpcat3,Snta1,Mamld1,Ttc9b,Sdc4,Mycbp2,Hnrnph1,Kif2a,Unc5d,Son,Far2,2010204K13Rik,Oxt,Sssca1,Miat,Sf3b5,Uxs1,Otud4,Slc4a7,Mdk,Skil,Gm561,Nr3c1,2210018M11Rik,Kcnh7,Ctps,Phospho1,Asap2,Ipmk,Crybb1,Dnajc13,Etv5,Mfsd7b,Flnb,Zc3h3,Cd3eap,Galnt2,Pard3,Nin,Mettl5,Rab3gap2,Stim2,Acin1,Ankhd1,Apln,Imp3,Obsl1,Slc2a1,Fam171a1,Cdc23,Acy1,1700025G04Rik,Grin2d,Sgip1,Cd151,Srpk3,Dagla,Trmt2a,Smox,Tsr1,Cbll1,Crem,Slc25a37,Edc4,Sptlc2,Ucp2,Gltscr2,Foxp1,Lrrc4,Rtf1,Hnrnpu,Coro7,Ech1,Amigo2,Fbll1,Ddx20,4933439C10Rik,Usp7,AI314180,Gyk,Ttc13,Rnf165,Klhdc8a,Rps6,Arhgap25,Sap30l,Taok1,Sardh,Stk38,B3galt5,Hist1h1c,Drd2,Dohh,Rplp1,Herc2,1500009C09Rik,Spred1,Snrpf,Rrp15,Pcsk1n,Ubr5,Map4k3,Cyp2s1,Mapk8,Rbm27,Slc11a2,Usp34,Iqgap2,Qtrt1,Ccdc6,Atxn2,Lrfn2,Xpo6,Baz2a,Mitd1,Ccdc92,Plxna3,Trim2,Mef2a,1110001J03Rik,Haus5
18	transfac_pro-M01057	0.032409	3.3723	M2		Arfgef1,Nipbl,Cnot6l,Lmo4,Dyrk1a,St6galnac5,Plcl2,0610011F06Rik,Atp2b1,Setd5,Ssbp2,Vstm2l,Rc3h2,Rps6ka3,Spred1,Ccar1,Ralgps2,Wdfy1,Ssh2,Rpl34,Arhgap21,Cdc73,Fezf2,Bcor,Cnot2,Usp34,Ccdc124,Mef2a,Lrp6,Cntnap2,Usp15,Ddx20,Usp7,Kdm3a,Dagla,Armc6,Acvr1,Stx5a,Zfp609,Trip12,Nuak1,Cntfr,Sltm,Kcnh7,Scaf8,Pds5a,Pde1b,Cdyl2,Sap30l,Gmeb2,Dusp15,Ino80b,Trub2,Phf8,Nrd1,Cyp2s1,Spred2,E2f1,Chchd5,Lrrk2,Mamld1,Pcsk7,Bad,Rnf111,Gse1,Ltbp1,Sufu,Gadd45g,Celf1,Rictor,Nup98,Bdp1,Ubap2l,Acy1,Ino80,Fam171a1,Rab3gap2,Daam2,Gria2,Qpctl,Xpo6,Epha6,Parp8,Etv5,Mettl5,Nhlrc3,Gm10052,Zfp369,Lig3,Phtf2,Stxbp5,Dapk1,Ankrd44,Abi2,1500011K16Rik,Ddx50,Lzts2,Madd,Son,Ppil4,Prpf8,Slc25a39,Strn,Abi1,Coch,Map4k5,Xkr4,Hnrnpu,H2afv,Cpeb1,Tpp2,Pcdh1,Tcerg1l,Zfp292,Mapk8,Prkag2,Baz2a,Bnip2,Zswim4,Lrp8,Sptlc2,Taf15,Fam81a,Mdc1,Otud4,Uggt2,Dmxl1,Skil,Gabrb3,Rnf165,Thsd7a,Ccdc92,Dnajc21,Mrps33,Sik2,R3hdm1,Nfib,Etv6,Sf3b3,Ilf2,Nrp1,Zzz3,Nfkbil1,Ankhd1,B3galnt2,Kcnk12,Atp5e,Iqgap2,D630045J12Rik,Pfkfb3,Mtmr12,Gria3,Xrn2,Wdr90,Itga6,Ccdc6,Nbea,Stag1,Abca1,Trmt2a,Amigo2,Snx21,Ptprj,Arl15,Slc35b1,Lrrc8a,Gm561,Lpcat3,Mrpl54,Crem,Ddit4,Arntl,Akap13,Gltscr2,Csk,Zcchc2,Napa,Stxbp5l,Crocc,Galnt2,Gls,Slc25a36,Atxn7,Mrpl52,B3galt5,Atxn3,Mrpl34,Kif2a,Rrp9,Cdk19,Podxl,Cbll1,Nav1,Armc8,Kptn,Myo9a,Dync1h1,Chchd3,Morn2,Zmym2,Atp2b2,Ift27,Enho,Kctd1,Arpp21,Sgip1,Rsf1,Foxp1,Edc4,Cdh18,Gpam,Lancl1,Glrx5,Smad3,Mpst,Rpl35,Mib1,Kcnh5,Hivep2,Far2,Rhob,Plaa,Dnajc13,Asap2,Phospho1,Olig2,Cnot1,Dmxl2,Nedd4l,Ndrg2,Akap5,Mark4,Sssca1,Tbc1d1,Mapk14,Rufy1,Zc3h7a,Rell2,Cpd,Smg7,Gal,Pold3,Nme1,Fbxl15,Trp53,Sf3b5,Fam76b,Ipmk,Dock7,Mycbp2,Mkx,Caml,Rpl37,Srrm1,Hnrnph1,Ubr5,Rhebl1,Rplp1,Slmap,Dgka,Pard3,Asphd1,Tet2,Tle4,Wdr75,Pias1,Cdr2l,C1qtnf5,Zfp318,Prkg1,Lag3,Thoc2,Adcy9,Tbcc,Dhrs3,Arf3,Nbn,Zfp143,Psme4,Mllt10,Naa15,Ryk,Zfc3h1,Clvs1,Qtrt1,Arid2,Sdhaf1,Eml4,Rps12,Syt1,Rnf20,Cramp1l,Prickle1,Nol10,Hspb6,Cdh11,Gpx3,Trh,Stt3a,Cd82,Pdik1l,Apbb2,Rhbdd3,Usp27x,Gm5577,Zfp771,Flna,Cyb561d2,Ltn1,Phka2,Runx1t1,Wtip,Nfxl1,Stim2,Pdrg1,Tub,Snx8,Katna1,Tmem120b,Usp12,Sema6a,2210018M11Rik,Taco1
19	transfac_pro-M03194	0.0324074	3.37193	M2		0610011F06Rik,Nipbl,Stag1,Rnf165,Spred1,Ssbp2,Asphd1,Bad,Lrp6,Slc35b1,Parp8,Syt1,Lmo4,Slmap,Kcnh5,Celf1,Atxn7,Ssh2,Rps6ka3,Gse1,Strn,C1qtnf5,Cntfr,Rps29,St6galnac5,Cpeb1,Itga6,D630045J12Rik,Ino80,Dapk1,Slc25a39,Arfgef1,Zfp369,Mkx,Mib1,Dmxl1,Cramp1l,Arhgap21,Nup98,Epha6,Gls,Ralgps2,Vstm2l,Actn1,Ankrd44,Rhob,Erf,Setd5,B3galnt2,Cdr2l,Dact3,Rpl35,Scaf8,Qpctl,Atp2b1,Stt3a,Edc4,Atp2b2,Ddx20,Fezf2,Arl15,Glrx5,Crem,Sympk,Nrd1,Etv5,Rtf1,Pds5a,Nfib,Abi2,Dnajc13,Cntnap2,Ccdc6,Kif2a,Stx5a,Cyp2s1,Pinx1,Pdik1l,Rc3h2,Napa,Zzz3,Lrrk2,Cdk8,Mettl5,Runx1t1,Cited1,Usp34,Amigo2,Mkl2,Sik2,Cnot2,Cdh11,Usp27x,Tex10,Acap2,Bcor,Cdk19,Dyrk1a,Nin,Tceb1,Kdm3a,Cnot6l,Trp53,Pnpla2,Hirip3,Smad3,Cnot1,Thoc2,Daam2,Rhebl1,Snx21,Mtmr12,Prkag2,Arf3,Ubap2l,Fam76b,Cdc73,Cbll1,Dgka,Mapk14,Lpcat3,Otud4,Usp9x,Tsen2,Cdyl2,Ptprj,Ubr5,Ppil4,1110032F04Rik,Sltm,Gabrb3,Atp5e,Ccar1,Zfp771,Lgi4,Fbxl15,Tfam,Cdh22,Baz2a,Zswim4,Tet2,Dock7,R3hdm1,Tub,Trerf1,Spred2,Skil,Pard3,Cd82,Dnajc21,Slc11a2,Pcdh1,Pfkfb3,Ecel1,Coch,Ilf2,Tpp2,A230072C01Rik,Hnrnph1,Snapc3,Foxp1,Xrn2,Prkci,Csk,Taf15,Galnt6,Scn8a,Arl10,Slc24a4,Hnrnpu,Plaa,Rpl34,Mllt3,Dync1h1,Nedd4l,Nbea,Ccdc124,Qtrt1,Rock2,Gm5577,Ccdc88c,Tle4,Shfm1,Dcbld2,Arntl,Usp40,Gpam,Mrps16,Tcf20,Ciapin1,Mdc1,Ddit4,Kcnh7,Mycbp2,Trip12,Wdfy1,Pcsk7,Hpca,Lzts2,Klhl32,Cpd,Tcerg1l,Sardh,Acvr1,Xpo6,Taok1,Mast3,Armc8,Phospho1,Commd5,Pim3,Hyi,Lrrc8a,Tmem120b,Cstf1,Dmxl2,Mamld1,Dhrs3,Agfg1,Rictor,Prkg1,Ctxn2,Zcchc2,Ufd1l,Zfp318,Tmem62,Hspb6,Sema5b,Nkx6-2,Ccdc92,Podxl2,Gadd45g,Podxl,Mef2a,Pip5k1a,Phka2,Atxn2,Usp7,Unc5d,H2afv,Slc25a37,Zc3h3,Adcy9,Pias1,Plcl2,1810022K09Rik,Sfpq,Kcnk12,Ddx50,Sssca1,Gyk,Srrm1,Dnajb2,Mlxip,Mrps33,Col5a1,Tjp1,Arap2,Mapkbp1,Fsd1l,Cd151,Akap13,Kptn,Mrpl34,Pde1b,Chfr,Abca1,Hivep2,Uggt2,1110001J03Rik,Emd,Fcer1g,Atxn3,Rplp1,Lrp8,Apoe,Ablim2,Rbm27,Fam136a,Dmap1,Mpst,Lace1,Dkc1,Tsc22d3,Zfp36,Dagla,Fxyd1,Rps12,Nhlrc3,Scn1b,Gria2,Xkr4,Ndufs7,Sdc4,Sh3pxd2b,Prrg3,Sumo2,Ankrd33b,Lrba,Zfp292,Chchd5,Usp15,Ltbp1,Galnt2,Zmym2,Ulk3,E2f1,Osbpl3,Rrp15,Sema6a,Meg3,Rufy1,Flnb,Tgfbr1,Slc4a7,Crocc,Lig3,Enho,Tbcc,Dopey1,Phf8,Spag5,Slc23a2,Qsox1,Map4k3,Haus5,Bcdin3d,Cenpv,Ankrd27,Ndrg2,Prph,Dnajc1,Mfap3l,Tbc1d1,Wdr26,Map4k5,Myo9a,Zc3h7a,Epn3,Glt1d1
20	flyfactorsurvey-CG32830_SANGER_10_FBgn0052830	0.0323473	3.35723	M5	Spic	Nipbl,Tsc22d4,Rps6,Cyb561d2,Plvap,Spred2,Tceb1,Xrn2,Orc4,Chchd5,Hist1h1c,Cbll1,Arhgap25,Lyn,Secisbp2,Foxp2,Fam188a,Cdh22,Ssbp2,Nol10,Dph2,Smug1,Nckap1l,Tasp1,Acap2,Trerf1,Cyth4,Vasp,Pcsk7,Cd68,Rpl37,Sap30l,Robo2,Trip12,Gtpbp4,Wdr26,Arf3,Foxp1,Ino80b,Snx8,Epn3,Laptm5,Acvr1,Kctd1,Ap4e1,Taf15,Mageh1,Lrrc8a,Spred1,Ubp1,Atg16l1,Rps6ka3,Atp2b2,Zfp335,Mcts1,Zfp180,Gltscr2,Abi1,Dmxl1,Ino80,Pinx1,Alkbh6,Lrrc4,Dmp1,Krtcap2,Slc2a13,Psme4
21	encode-UW.Motif.0619	0.0320167	3.27635	M4		Ssbp2,Lmo4,Abi2,Kctd1,Krtcap2,Dynlrb1,Smug1,Nell2,Armc8,Neurod6,Nlgn1,Nfib,Vstm2l,Nrp1,Acvr1,Asap1,Prm1,Slc7a11,Cacnb4,Sytl2,Fezf2,Apln,Arhgef2,Sidt1,Lag3,Foxp1,Trerf1,0610011F06Rik,Ipmk,Sorbs2,Hpca
22	swissregulon-SPI1.p2	0.0318393	3.23296	M5	Sfpi1,Irf4,Pura,Myb	Acvr1,Orc4,Arhgap25,Plvap,Kctd1,Xrn2,Laptm5,Zfp318,Cdh22,Cd68,Acap2,Apbb2,Dhrs3,Mageh1,Foxp1,Asb7,Dagla,Tceb1,Rps6ka3,Dmp1,Vasp,Stat6,Fxyd5,Smug1,Mcts1,Spred2,Ptprj,Rps6,Phf8,Rnf20,Chd8,Nckap1l,Arpp21,Rsf1,Sema4a,Nfkbil1,Taf15,Ctnnd1,Map4k5,Bnip2,Nipbl,Csk,Pex6,Cntnap2,Taco1,Neto1,Tnip1,Foxp2,Acin1,Mkx,Pinx1,Cbll1,Zdhhc5,Fcer1g,Tasp1,Krtcap2,Hist1h1c,Arfgef1,Bcl11a,Sqrdl,Ecel1,Helq,Dusp15,Lsp1,Tpp2,Sema6a,Rc3h2,Ssbp2,Tbcc,Epn3,Zfc3h1,Gpx3,Snx8,1110065P20Rik,Prkag2,Acot11,Naa15,Alkbh6,Mkl2,Nbea,Amigo2
23	elemento-AACGTGC	0.0316845	3.1951	M6		Ddit4,Zfp292,Cstf1,Mllt10,Zdhhc5,Ctxn2,Scaf8,Ubap2l,Bcl11a,Rnf165,Stt3a,Pias1,Gadd45g,Dhrs3,Lrp8,Lmo4,Gemin6,Ank2,Krtcap2,Mycbp2,Bcor,Olig2,Nlgn1,Cables1,Far2,Ltbp1,Mapk14,Cntfr,Rpl34,Tshz3,Snx8,Celf1,Pip5k1a,Robo2,Asxl2,Cdc73,Sssca1,Nol10,Tmem62,Rplp1,Sltm,Atxn2,Nol11,Tsr1,Ptprd,Iqgap2,Olig1,Lrp6,Arpp21,Acvr1,Fgfbp3,Ubr5,Phb,Dapk1,Tjp1,Dopey1,Morn2,Stxbp5l,Ech1,Mllt3,Galnt6,Mrpl34,Xkr4,Myo9a,Mkx,Phlda3,Ssbp2,Sytl2,A830010M20Rik,Abca1,Ifit3,Tsc22d3,Slc25a37,Thap1,Mkl2,Flrt3,Rad54l2,Tceb1,Dmap1,Slc25a39,Hmgn3,Timm22,Akt2,Stag1,E2f1,2810403A07Rik,Prkg1,Hnrnpu,Txnip,Bad,Pdik1l,Slc30a10,Tsc22d4,Prkci,Kctd1,Cacnb4,Pex26,B3galnt2,Nrd1,Opa3,Ntng2,Etv5,Nedd4l,Cnot6l,Snrnp48,Rapgef2,Ly6h,Mapk8,Itga6,Rell2,Coq7,Nup98,2610203C20Rik,Ryk
24	transfac_pro-M00920	0.0315988	3.17414	M3	Tfdp1,E2f1,E2f7,E2f3,E2f4,E2f5,E2f2	E2f1,Sik2,Pds5a,Trmt2a,Fam76b,Usp29,Rictor,Plaa,Kctd1,Pias1,Trmt6,Arntl,Nipbl,Mapk14,Kdm3a,Stxbp5l,Strn,Etv5,Rnpc3,Arf3,Gmeb2,Stt3a,H2afx,H2afv,Lrp1,Cdh22,Ankhd1,Cnot1,Mdc1,Ltbp4,Taok1,Hnrnph1,Ubap2l,Cnot6l,2210018M11Rik,Cbll1,Dhrs3,Nrp1,Cdc73,Snapc3,Rc3h2,Zfp292,2700094K13Rik,Chchd3,Nfib,Ltn1,Ctxn2,Ino80,Ubp1,Mef2a,Slc25a39,Mfap3l,Son,Bad,Sltm,Slc24a4,Prkci,Nop58,1700025G04Rik,Cramp1l,Dmxl1,AI314180,Nfkbil1,Abi1,Nuak1,R3hdm1,Fezf2,Zcchc2,Rab8b,Ssbp2,Dmxl2,Ap4e1,Trp53,Fam81a,Kcnh7,Rps6,Ankrd27,Gria3,Haus5,Setd5,Cstf1,Zzz3,Smug1,Gm5577,Rplp1,Lancl1,Zfc3h1,Ttll4,Ralgps2,Ift27,1110032F04Rik,Iqgap2,Scaf8,Klhl29,Hirip3,0610011F06Rik,Sf3b3,Kcnh5,Abca1,Thoc2,Asap2,Lpcat3,Cntfr,Gpatch8,Ddx50,Rhbdd3,Gls,Zfp335,Letm2,Rufy1,Plcl2,Taco1,Cnot2,Mrpl34,Smg7,Gnl3,Naa15,Coro7,Prickle1,Tle4,Qtrtd1,Tceb1,Vstm2l,Rps12,Far2,Tbc1d1,Trip12,Xrcc5,Smad3,Nme1,Atp5e,Mgst1,2810403A07Rik,Mdk,Ly6h,Pfkfb2,Kcnk12,Itch,Zdhhc5,Rab3gap2,Apbb2,Usp9x,Ino80b,Apln,Mllt3,Tppp3,Dmap1,Srrm1,Bcor,Foxp1,St6galnac5,Asphd1,Phtf2,Cdk19,Srpk1,Acy1,Nhlrc3,Ccar1,Prrg3,Stx5a,Neto1,Hsd17b11,Sptlc2,Otud4,Ech1,Flrt3,Apoe,Sympk,Sgip1,Pdik1l,Olig2,Atxn1l,Gyk,Xrn2,Helq,Nubp2,Nup98,Zfp143,Ctnnd1,Jun,Ubr5,Ank2,Dnajc13,Ccdc6,Mkl2,Pomc,Eml4,Ltbp1,Cwf19l1,Qtrt1,Baz2b,Arnt,Mettl2,Zmym2,Tub,Dnajc21,Prmt5,Map4k5,Napa,Phf8,Hivep2,Nell2,Rgs7bp,Gria2,Prkg1,Akt2,Mib1,Nudt17,Cpeb1,Cdh18,Arfgef1,Ucp2,Rps29,Zc3h3,Utp15,Slc35b1,Agbl3,Osbpl3,Thsd7a,Arhgap21,Trim28,Armc6,Med23,Maged2,Coch,Mapk8,Enho,Cyp2s1,Atxn7,Ndrg2,Mkx,Txnip,Ndufs7,Rps6ka3,Phb,Sdc4,Adcy9,Mrps33,Akap5,Pdpk1,Pcsk7,Baz2a,Atxn2,Dopey1,Mtmr12,Asap1,Kif21b,Lrrc4,Rell2,Sf3b5,Gm10052,Spred2,Rnf165,Dapk1,Sema6a,Aga,Gadd45g,Uxs1,Sema5b,Cryl1,Slmap,Tfam,Lrrk2,Ddx20,Grcc10,Rpl34,Lrp6,Pex16,Dync1h1,Zfp318,Nrd1,Caml,Spr,Cdk8,Sema4a,Fam102a,Tcerg1l,Mrpl52,Pold3,Gabrb3,Dagla,Nol10,Nin,Acvr1,Cox11,Slc11a2,Rpl35,Rbm12,Zfp280d,Peg10,Spopl,Rpl37,Snta1,Pard3,Ccdc92,Asb7,Zfp180,Drd2,Gm7120,Arid2,Tpp2,Fam105a,Sobp,Mt1
25	yetfasco-774	0.0315778	3.169	M3		Ssbp2,Rhob,Phtf2,Lrrk2,Sdc4,Cntfr,Cpeb1,Crem,Kdm3a,Ddx50,E2f1,Rc3h2,Gse1,Zfp369,Ubr5,Epha6,Lmo4,Gria2,Akap13,Hivep2,Stx5a,Pds5a,Edc4,Vstm2l,Sptlc2,Arfgef1,Nlgn1,Nipbl,Ccar1,Etv5,Bad,Atxn7,Gabrb3,Rps6ka3,Dact3,Ddit4,Smg7,Arntl,Setd5,Pold3,Wdfy1,0610011F06Rik,Slc4a7,Cited1,Kptn,Meg3,Atp2b1,Rpl34,Cnot2,Atp2b2,Thsd7a,Cdc73,Ylpm1,Tfam,Ddx20,Zfp292,H2afv,Pde1b,Zfp318,Ndn,Taf15,Dapk1,Zfp180,Dmxl1
26	yetfasco-1969	0.0314741	3.14363	M7		Gadd45g,Spred2,Slc4a7,Zfp143,Trp53,Arnt,Kctd1,Sdhaf1,H2afx,Pfkfb2,Tsc22d4,Acsl4,Sltm,Acin1,Neurod6,Prmt5,Pold3,Bcam,Foxp2,Map4k5,Stxbp5l,Crem,Slc35b1,Dnajb2,Ank2,Ddx50,Trim2,Fsd1l,I830012O16Rik,Ubap2l,Rps29,Dgka,Arpp21,Ppp2r2a,H2afv,Car12,Csk,Ctss,Glrx5,1110001J03Rik,Pinx1
27	yetfasco-1286	0.0314275	3.13223	M4		Pias1,Ech1,Ino80,Dnajb2,Atp2b1,Mamld1,Erf,Pold3,Nfib,Tmem158,B3galnt2,Sap30l,Napa,Trerf1,Lmo4,1110007C09Rik,Mtmr12,Gm10052,Cramp1l,Rhob,Mrpl34,Dyrk1a,Scaf8,Ddx20,Trmt2a,Cntnap2,Opa3,Tbc1d1,Arf3,Rnf165,Ssbp2,Wdr90,Mapkbp1,Pfkfb3,Cpeb1,Arfgef1,Pim3,3110040N11Rik,Rell2,Apbb2,Zfp771,Nin,Ralgps2,Bad,Mrpl52,H2afv,Lzts2,Cbll1,Emd,Rc3h2,Mkx,Dgka,Dnajc21
28	transfac_pro-M03207	0.0313899	3.12304	M2		Stxbp5,Cdk19,Setd5,Nbea,Nipbl,Gabrb3,Bad,Mamld1,Ssbp2,Nup98,Mapk8,Ino80b,Rpl34,Atp2b2,Kptn,Stx5a,Cpeb1,Nrd1,St6galnac5,Stag1,Rc3h2,Med23,Arfgef1,Armc8,Kcnh7,Cdh11,Cdk8,Ltbp1,Rps6ka3,Ankrd44,Tceb1,Tcerg1l,Rnf165,Sf3b5,Ocrl,Fxyd1,Srrm1,Lrp6,Pinx1,Dusp15,Zfp446,Syt1,Csk,Pds5a,Hspb6,Cnot2,Dyrk1a,Ralgps2,Slc25a39,Plcl2,Lmo4,Hnrnph1,Zfp318,Meg3,Rnf111,Sema6a,2210018M11Rik,D630045J12Rik,Mycbp2,Zfp369,Nuak1,Baz2a,Smad3,Ccar1,Nav1,Pfkfb3,Cdh22,Map4k5,Snx21,Ilf2,Dact3,Cdh18,Phf8,Olig2,Coch,Usp15,Tpp2,Arntl,Slc35b1,Sptlc2,Slmap,Otud4,Slc24a4,Stt3a,Iqgap2,Cd3eap,Ccdc124,Erf,Rpl37,Mef2a,Morn2,Dnajc21,Cdc23,Avp,Pdik1l,Ccdc88c,Isoc2a,Dagla,Pcsk7,Gse1,Ssh2,Chchd5,Gadd45g,Ucp2,Enho,Ubap2l,Gltscr2,Dapk1,Tjp1,Acy1,Usp34,Usp12,Itga6,Qpctl,Rplp1,Asap2,Xpo6,Atp2b1,Usp27x,Dnajc13,Cnot6l,Zfp609,Abi1,Zfp36,Nbn,Dgka,Timm22,Pim3,Hnrnpu,Cdc73,Wtip,Col5a1,Arap2,Rpl35,Hivep2,Cited1,Caml,Zzz3,Cntnap2,Etv5,Uggt2,Epha6,Bnip2,Cntfr,Kif2a,Apbb2,Mapkbp1,H2afv,Armc6,Zfp771,Psme4,H2afx,Zfc3h1,Gnl3,Zcchc2,Atxn7,Gria2,Son,Mlxip,Mpst,Mapk14,Trib2,Arhgap21,B3galnt2,Mtmr12,Vstm2l,Srpk1,Asxl2,Sufu,Tbc1d1,Ech1,Rhob,Nop58,Zfp148,Dmxl1,Pcdh1,Asphd1,Tbcc,2010204K13Rik,Sgip1,Arl15,Fam171a1,Lpcat3,Drd2,Spred2,0610011F06Rik,Tle4,Mettl5,Cd82,Slc4a7,Nin,Skil,Magee2,Tfam,Ccdc85b,Mfsd7b,Ankhd1,Kcnk12,Eml4,Xkr4,Zfp207,Phospho1,Usp7,Wdr75,Ntng2,Dcbld2,Tgfbr1,Pnpla2,Phka2,Copg2,Akap13,Acvr1,Atxn2,Madd,Ankrd54,Nrcam,Spag5,Glmn,Ttc9b,Atp5e,C1qtnf5,Crybb1,Ccdc92,Lrrk2,Amigo2,Dlk1,Ift27,Fam105a,Kcnh5,Wdfy1,Mdk,Snrpf,Dohh,Commd5,Scaf8,Nhlrc3,Prph,E2f1,Cdyl2,Actn1,Zfp715,Plaa,Xrn2,Parp8,Ddit4,Sepp1,Pold4,Lsp1,Mkl2,Pde1b,Dnajb2,Herc2,Sdhaf1,Obsl1,Galnt2,Nfib,Dhrs3,Krtcap2,Cdr2l,Mllt10,Nol11,Ptprj,Tub,Dmxl2,Tet2,Kdm3a,Arl10,Nfxl1,Nfkbil1,Runx1t1,Glrx5,Pias1,Zswim4,Cramp1l,Ltbp4,Cd4,Foxp1,Sik2,Epn3,Lag3,Cd151,Zfp280d,Nedd4l,Crem,Zfp27,Lig3,Snapc3,Sap30l,Uqcr11,Lrba,Grin2d,Sf3b3,Bbc3,Myo9a,Gpam,Mdc1,3110040N11Rik,Gjb6,Spred1,Nudt19,Taf15,Sqrdl,Sltm,Pex16,Rab3gap2,1110007C09Rik,Usp9x,Smox,Heca,Ankrd35,Sema4a,Mcts1,B3galt5,Gal,Lzts2,Cspp1,Unc45a,Rbm42,Pikfyve,Trim28,Gm5577,Secisbp2,B230118H07Rik,Rsf1,Ipmk,Lrrc4,Rian,Ubr5,Stat6,Pdrg1,Pcsk1n,Etv6,Etfb,Galnt6
29	homer-M00833	0.0313869	3.12231	M2		Nuak1,0610011F06Rik,Apln,Lrrk2,Nipbl,Kctd1,Tcf20,E2f1,Ssbp2,Lmo4,Sltm,Spred2,Dyrk1a,Vstm2l,Zcchc2,Spred1,Ddx20,Cnot6l,Arfgef1,Setd5,Ndrg2,Nrd1,Usp15,Nup98,Qpctl,Ssh2,Ctnnd1,Nbea,Kcnh5,Bcl11a,Bad,Slmap,Ralgps2,Rps6ka3,Thoc2,Slc4a7,Rc3h2,Gse1,St6galnac5,Pcsk7,Pde1b,Cdk19,Rpl34,Arhgap21,Plcl2,Atp2b1,Krtcap2,Usp34,Phf8,Dmxl1,Tbcc,Cntnap2,Ercc6,Dusp15,Wdfy1,Opa3,Armc6
30	hdpi-ING3	0.0313283	3.10797	M8	Ing3	Tsc22d4,Tcf20,Opa3,Otud4,Lrp6,Letm2,Spred1,Sox5,Hist1h1c,Ankhd1,Cyb561d2,Leng8,Baz2b,Crem,Cdk8,Cbll1,Cyp2s1,Gtpbp4,Spred2,Mllt3,Foxp1,Dusp15,Stx5a,Heca,Pfkfb2,Zfp335,Sik2,Zc3h3,Chd8,Ssbp2,Ank2,Smad3,Atg16l1,Zfp609,Glrx5,Dcbld2,Ankrd44,Pinx1,Runx1t1,Arnt,A830010M20Rik,Ccdc85b,Lrrc8a,Snx8,Mrpl52,Mrpl54,Emd,Neurod6,Olig2,Acy1,Stk38,Zfp446,Cnot1,Daam2,Dnajb2,Osbpl3,Ylpm1,Neto1,0610011F06Rik,Haus5,Amigo2,Ttc19,Taok1,Tle4,1810022K09Rik,Ncbp1,Arntl,Prpf8,Sepp1
31	taipale-NCCGCCATNNT-YY2-full	0.0313027	3.10172	M4	Yy2,Yy1,Zfp42	Zfc3h1,Mrpl52,Arfgef1,Ech1,Lmo4,Son,Ccar1,Scaf8,Zfp143,Naa15,Stag1,Phf8,Gm10052,Zfp644,Ccdc124,Gltscr2,Ctnnd1,Nbea,Usp34,Xpo6,Zfp318,Caml,Chfr,Zzz3,2210018M11Rik,Cstf1,Rpl34,Kptn,R3hdm1,Atxn1l,Sympk,Sptlc2,Dhx57,Zfp27,Slc2a1,Trub2,Zfp207,Dyrk1a,Sumo2,Txnip,Fezf2,Dusp15,Map4k3,Rps6ka3,Cntnap2,Gse1,Pias1,Meg3,Hnrnph1,Nhlrc3,Ccdc23,Cnot6l,2010204K13Rik,Tnip1,Cdh11,Lsp1,Baalc,Hnrnpu,Fgd4,Lrrc4,Usp15,Spred1,Dock3,Crybb1
32	transfac_pro-M00919	0.0312456	3.08775	M3	Tfdp1,E2f4,E2f1,E2f3,E2f7,E2f5,E2f2	E2f1,Sik2,Trmt2a,Pds5a,Trmt6,Fam76b,Strn,Kdm3a,Plaa,Nipbl,Ankhd1,H2afv,Arntl,Ubap2l,Snapc3,Usp29,Fezf2,Kctd1,Gmeb2,2210018M11Rik,Stxbp5l,Pias1,Nfib,Dhrs3,Ltn1,Cnot1,Thoc2,Stt3a,Slc25a39,Abi1,Son,Dmxl2,Cnot6l,Etv5,Scaf8,H2afx,Cdc73,Nfkbil1,Kcnh7,Bad,Ubp1,Cdh22,Abca1,Mfap3l,Lrp1,Mdc1,Stag1,Hnrnph1,Ctxn2,Mef2a,Prkci,Sptlc2,AI314180,Dmxl1,Nuak1,Nop58,Cbll1,Ltbp4,2700094K13Rik,Mapk14,Nhlrc3,Vstm2l,Rictor,Letm2,Baz2a,Mllt3,Cpeb1,Apbb2,Coro7,Kcnh5,1700025G04Rik,Rnpc3,Pdik1l,Cdh18,0610011F06Rik,Haus5,Cdk19,Lancl1,1110032F04Rik,Ino80b,Prickle1,Rab8b,Naa15,Rc3h2,Nrp1,Zfc3h1,Lpcat3,Plcl2,Gm10052,Hirip3,Fam81a,Rps6ka3,Sf3b3,Sltm,Asap1,Rufy1,Chchd3,Olig2,Sema6a,Ddx50,Acap2,Gpatch8,Taco1,Hsd17b11,Ralgps2,Ttll4,Utp15,Arnt,Ino80,Rplp1,Zcchc2,Zc3h3,Ift27,Asphd1,Cstf1,Zfp292,Ccdc6,Cramp1l,Gria3,Sf3b5,Rhbdd3,Zfp143,Neto1,R3hdm1,Taok1,Slc24a4,Prrg3,Ssbp2,Zfp318,Jun,Atg16l1,Rab3gap2,Map4k5,Mib1,Apln,Otud4,Smc6,Sdc4,Cd3eap,Nup98,Tbc1d1,Abi2,Ankrd27,Tceb1,Pex16,Akt2,Baz2b,Smug1,Setd5,Atxn2,2810403A07Rik,Madd,C1qtnf5,Slc35b1,Kcnk12,Ubr5,Spred2,Mtmr12,Tub,Rps12,Tle4,Mgst1,Mrpl34,Smad3,Rgs7bp,Cwf19l1,Gls,Trip12,Maged2,Stx5a,Rtf1,Zfp335,Bcor,Gnl3,Qtrt1,Asap2,Slc11a2,Chchd5,Flrt3,Tppp3,Srrm1,Mkx,Ctnnd1,Foxp1,Akap13,Gyk,Pomc,Cnot2,Arhgap21,Zfp644,Unc45a,Lrp6,Apoe,Usp9x,Enho,Acy1,Gria2,Cdk8,Dapk1,Tfam,Trappc6a,Bloc1s3,Atxn7,Qsox1,Pdpk1,Orc4,Ccar1,Gabrb3,Dmap1,Gpam,Dact3,Akap5,Cyp2s1,Srpk1,Pip5k1a,Slmap,Hist2h2be,Qpctl,Caml,Ilf2,Dnajc21,St6galnac5,Ndufs7,Mdk,Tpp2,Iqgap2,Kif21b,Tcerg1l,Gm5577,Slc25a37,Neurod6,Atxn1l,Rpl34,Osbpl3,Acvr1,Phtf2,Qtrtd1,Dnajc13,Agbl3,Nubp2,Nell2,Eml4,Mapk8,Ltbp1,Nedd4l,Slc4a7,Ucp2,Xrn2,Sympk,Tmem158,Ssh2,Nudt17,1110001J03Rik,Grcc10,Smg7,Sorbs2,Arfgef1,Phb,Daam2,Cntfr,Ece2,Gadd45g,Rps29,Dopey1,Snx21,Mettl2,Actn1,Zfp14,Snrnp48,Atp5e,Trp53,Nrd1,Pold3,Ly6h,Adcy9,Prkg1,Helq,Rell2,Nbn,Ech1,Pard3,Mt1,Vps37d,Napa,Nrsn2,Sema5b,Zfp180,Spopl,Cdc23,Myo9a,Phospho1,Phf8,Zzz3,Lmo4,Pcsk7,G530011O06Rik,Alkbh6,Ndrg2,Epha6,Coch,Mkl2,Rpl35,Gm561,Itch,Rnf111,Nrcam,Arf3,Tbce,Rhob,Txnip,Mrps16,Mrps33,Tsc22d4,Timm22,Pfkfb2,Dusp15,C230004F18Rik,Lhfpl5,Trim28,Prkag2,Eea1,Lrrk2,Mpst,Ank2,Rnf165,Atp2b2,Cdadc1,B3galnt2,Far2,Med23,Rock2,Cspp1,Sec23a,Ankrd35,Rbm12,Dagla,Cpt1a,Pnpla2,Hist1h1c,Zfp771,Dnajc1,Dohh,Arap2,Cntnap2,Arhgef2,Setx,Zmym2,Hnrnpu,Armc6,Sufu,Fam102a,Prmt5
33	transfac_pro-M03208	0.0312426	3.08701	M2		0610011F06Rik,Bad,Spred1,Ssbp2,Stag1,Nipbl,Slmap,Slc35b1,Qpctl,Atp2b2,Arhgap21,Usp27x,Snx21,Rnf165,Rps6ka3,Lrp6,Strn,Nbea,Asphd1,Cdk8,Cdk19,Gse1,Dyrk1a,Cpeb1,Ssh2,Mib1,Celf1,Rpl34,Atp2b1,Vstm2l,Rps29,Rhob,Ralgps2,Otud4,Syt1,Arfgef1,Cnot2,Parp8,Ubap2l,Itga6,Sympk,Tceb1,Foxp1,Slc25a39,D630045J12Rik,C1qtnf5,St6galnac5,Crem,Nrd1,Lmo4,Setd5,Erf,Arl15,B3galnt2,Dmxl1,Ino80,Cntfr,Cntnap2,Ankrd44,Hnrnpu,Nup98,Smad3,Ccdc124,Abi2,Cdh22,Ccar1,Armc8,Scaf8,Mkx,Rtf1,Atxn7,Zfp369,Dapk1,Etv5,Epha6,Phf8,Cramp1l,Pinx1,Rc3h2,Cdh11,Ccdc6,Fezf2,Stx5a,Dact3,Runx1t1,Kcnh5,Fxyd1,Ubr5,Cited1,Spred2,Rhebl1,Zzz3,Snapc3,Pfkfb3,Acap2,Atp5e,Csk,Pcsk7,Zswim4,Sltm,Kcnh7,Kptn,Gls,Zfp318,Cdc73,Pds5a,Napa,Ilf2,Hirip3,Mtmr12,Ccdc88c,Usp9x,Amigo2,Cdr2l,Ino80b,Mapk14,Pard3,Daam2,Dgka,Kdm3a,Ddx20,Glrx5,Mamld1,Mycbp2,Nhlrc3,Plaa,Dnajc13,Tub,Tcerg1l,Mef2a,Cnot6l,Emd,Baz2a,Bcor,Xrn2,Hspb6,Pdik1l,Hyi,Prkag2,Pcdh1,Dagla,Gadd45g,Sema6a,Stxbp5,Rnf111,Map4k3,Hivep2,Ppil4,Nuak1,Hnrnph1,Tpp2,Cbll1,Stt3a,Snrpf,Mkl2,Mapk8,Tbc1d1,Usp7,Prkg1,Tle4,Actn1,Smg7,Coch,Nedd4l,Tsr1,Ltbp1,Cyp2s1,Dnajc21,Srrm1,Kif2a,Usp34,Dmxl2,Tsen2,1110032F04Rik,Lpcat3,Xkr4,Nfib,Sufu,Rrp9,Hpca,Tex10,Mdk,Apbb2,Fam76b,Cd82,Dock7,Mdc1,Ddit4,Mettl5,Slc24a4,Galnt6,Zfp771,Zcchc2,Scn8a,Kctd1,Nav1,Usp40,Vasp,R3hdm1,Edc4,Trp53,Plcl2,Lrrc4,Nin,Adcy9,Lrba,Ecel1,Cnot1,Gabrb3,Haus5,Arap2,Wdfy1,Arntl,Trerf1,Col5a1,Tet2,Arl10,Lrrk2,Phka2,Mllt3,Cdh18,Arf3,Uggt2,Morn2,Akap5,Unc5d,Agfg1,Slc23a2,Slc4a7,Pias1,Armc6,Gpam,Trmt2a,Cdyl2,Tjp1,Pnpla2,Ift27,Mrps16,Sik2,Rpl37,Sae1,Lgi4,Srpk1,Arpp21,Pim3,Lzts2,Tbcc,Xpo6,Pde1b,2010204K13Rik,Usp15,Fam171a1,Dync1h1,S1pr5,Gm5577,1700025G04Rik,Cd151,Acvr1,Ankhd1,Ocrl,Mlxip,Cd3eap,Dusp15,Crocc,Sap30l,Rufy1,Skil,Avp,Fam81a,Ankrd33b,Phospho1,Dhrs3,Chchd5,Tgfbr1,Zfp280d,Ptprj,Akap13,Sema5b,Gmeb2,Tmem120b,Tfam,Prkci,Atxn2,Podxl2,Acy1,Epn3,Lig3,Mfsd7b,Raph1,Lace1,Rps12,Mpst,Txnip,Cpd,A230072C01Rik,Fam136a,Trip12,Ube2l6,Sptlc2,Slc25a37,Iqgap2,Podxl,Pomc,Zfp36,Dkc1,Rock2,E2f1,Ccdc92,Meg3,Cstf1
34	transfac_pro-M01253	0.031226	3.08297	M1	Cnot3	Ubap2l,Plcl2,Cntfr,Qpctl,Trerf1,Kdm3a,Dhrs3,Zfp335,Jun,Dnajc21,0610011F06Rik,Slc25a39,Nin,Kctd1,Cnot6l,Nuak1,Foxp1,Tbcc,Etv6,Arntl,Wtip,2210018M11Rik,Runx1t1,Cdk8,Dmxl1,Usp34,Hnrnpu,Actn1,Lmo4,Far2,Lzts2,Ttc13,Nipbl,Ppil4,Apbb2,Daam2,Gria3,B3galt5,Mdc1,Ssbp2,Csk,Asxl2,Slmap,Lrp6,Bcl11a,Amigo2,Scaf8,C1qtnf5,Rps6ka3,Cnot1,Afap1l1,Cntnap2,Olig1,Bad,R3hdm1,Sema5b,Nbea,Tle4,Kif2a,St6galnac5,Nav1,Dgka,B3galnt2,Lhfpl5,Cdc73,Uggt2,Strn,Taf15,Etv5,Mapk14,Arfgef1,Celf1,Zswim4,Ccdc88c,Cbll1,Abi2,Nrd1,Hnrnph1,Snx8,Rock2,Cdk19,Phf8,Tbc1d1,Baz2a,H2afv,Nvl,Mdk,Sltm,Vstm2l,Map4k3,Lpcat3,Usp15,Dapk1,Xkr4,Mapkbp1,Mtmr12,Lrrk2,Pim3,Rhob,Slc4a7,Rc3h2,Srpk1,Rab8b,D630045J12Rik,Mkx,Rnf165,Gmeb2,Dohh,Trmt2a,Sf3b3,Stxbp5,Lrba,Rictor,Stag1,Prkg1,Magee2,Ppp2r2a,Ralgps2,Asphd1,Ccdc6,Tceb1,Raph1,Prkag2,Lig3,Pdik1l,Ddx20,Rbm42,Mef2a,1110032F04Rik,Nedd4l,Katna1,Atp5e,Sik2,Trappc6a,Fxyd1,Bloc1s3,Rad54l2,Spred2,Edc4,Rufy1,Prickle1,Neto1,Atp2b2,Tcea2,Hist1h1c,Hmgn3,Rbm27,Cnot2,Emd,Madd,Mrpl54,Son,Dnajc13,Xpo6,Trub2,Ccdc61,Dyrk1a,Stim2,Pds5a,Fezf2,Slc35b1,Gpx3,Gse1,Stx5a,Tcerg1l,Itga6,Arhgap21,Zcchc2,Hivep2,Mamld1,Plaa,Kptn,Cpd,Smad3,Opa3,Rps12,Rab3gap2,Arap2,Atxn2,Nkx6-2,Cpeb1,Atp2b1,Apln,Ubr5,Pias1,Mlxip,Hspb6,Rhebl1,Mt2,Snapc3,Gjb6,Mast3,Erf,Trmt6,Arl15,Sufu,Rtn2,Sumo2,Uxs1,Ankhd1,Abca1,Acy1,Cramp1l,Ankrd44,Ankrd35,Ltbp4,Ddit4,Asap1,Snta1,Kcnh5,Tshz3,Pold4,Gabrb3,Ech1,Taok1,Baz2b,Syt1,Gtpbp4,Cdh22,Snx21,Lrp8,Ccar1,Sema6a,Zdhhc5,Ssh2,Nup98,Cd3eap,Zfp36,Lrrc8a,Pip5k1a,Mrpl52,Bnip2,Fam171a1,Armc6,Fam102a,Coch,1500011K16Rik,Olig2,Ubr2,Zfp143,Nubp2,Fam81a,Invs,Zc3h7a,Acap2,Amacr,Rnpc3,Tfam,Gpatch8,Sympk,Secisbp2,Usp9x,Cpt1a,Cables1,Zfp771,Morn2,Iqgap2,Zfp318,Slc25a36,Cyp2s1,Gls,Zfp27,Mapk8,Zfp146,Pde1b,Acvr1,Hsd17b11,Crem,Stt3a,Bcor,Skil,Zfp369,Xrn2,Mfap3l,Zdhhc21,Slc24a4,Rps10,Arid2,Ccdc92,Sf3b5,Tex10,Leng8,Chchd5,Lrp10,Plxna3,Dmxl2,Zfp609,Kcnk12,Foxp2,Pcdh1,Pcsk7,Eml5,Ly6h,Gadd45g,Atg16l1,Ccdc124,Obsl1,Coro7,Timm22,Smox,AI314180,Bcam,Agfg1,Dact3,Mpst,Rpl35,Nlgn1,Mkl2,Adcy9,Map4k5,Rnf111,Flna,Tpp2,Spred1,Usp40,Dnajb2,Ank2,Enho,Otud4,Tgfbr1,Letm2,Uqcrq,Prmt5,Sae1,Akap8,Wdfy1,Tet2,Zzz3,Parp8,Sdhaf1,Setd5,Sgip1,Ucp2,Cenpv,Pinx1,Cyb561d2,Stk38,Dync1h1,Rnf187,Npr2,Nfxl1,Ankrd54,Chchd10,Haus5,Rell2,Usp12,Eea1,Fam105a,Rpl34,Mllt3,Ptprj,Trib2,Fam76b,Mettl5,Srrm1,Copg2,Ncoa3,Klhdc8a,Dagla
35	transfac_pro-M02847	0.031226	3.08297	M3	E2f3,E2f2	Pds5a,Pias1,Stxbp5l,E2f1,Rps6ka3,Ankhd1,Son,Etv5,Ltn1,Phf8,Kcnh7,Zfp143,Trmt6,Usp29,Nfkbil1,Prmt5,Atp5e,Setd5,Atp2b2,Crem,Arhgap21,2700094K13Rik,Nipbl,Gria3,Gria2,Abi1,Kdm3a,Ssbp2,Tpp2,Akap13,Gpx3,R3hdm1,Mdc1,Mef2a,Ino80,Sik2,Stag1,Trmt2a,Sf3b3,Zzz3,Arntl,Ubap2l,Cdk19,Far2,Bdp1,Spred2,Nup98,Gabrb3,Slc11a2,Ltbp4,Ank2,Cd82,Nfib,Phtf2,Stx5a,Gm10052,2210018M11Rik,Ylpm1,Mllt3,Ift27,Acsl4,Armc6,Qtrt1,Lrrn3,Ilf2,Rplp1,Sema5b
36	elemento-CGGCGGC	0.031196	3.07562	M2		Arfgef1,Cnot6l,Lmo4,Nipbl,Plcl2,Setd5,Cdc73,Cntfr,Dyrk1a,Nrd1,Rps6ka3,Atp2b1,Acvr1,St6galnac5,Sltm,Ralgps2,Pde1b,Dusp15,Kdm3a,Wdfy1,Nuak1,Xkr4,Vstm2l,Gmeb2,Hivep2,Zfp609,Ssbp2,Ssh2,Usp15,Stx5a,Lrp6,Usp7,Pold3,Arhgap21,Armc6,Cnot2,Usp34,Zswim4,Rnf111,Etv5,Mef2a,Rc3h2,C1qtnf5,Spred1,Trip12,Nlgn1,Enho,Bcor,Cdyl2,Lrp8,Mapkbp1,Ccar1,E2f1,Stxbp5,Csk,Rhob,B3galnt2,Olig2,Pds5a,Ttc9b,Fam171a1,Lzts2,Hnrnpu,Slc35b1,Xrn2,Zfp369,Prkag2,Parp8,Uggt2,Lrrc8a,Dmxl1,Epha6,Ocrl,Baz2a,Asap2,Abi2,Mllt3,Rab3gap2,Gse1,Cpeb1,Tgfbr1,Galnt2,Arid2,Napa,Daam2,Coch,Gabrb3,Nfib,Mdc1,Chchd5,Ipmk,Lrrk2,Rufy1,Rock2,Trh,Abca1,Sptlc2,Cdr2l,Tbcc,Zfp292,Ino80,Scaf8,Lrba,Spred2,Map4k3,Cited1,Iqgap2,Rsf1,Itga6,Cyp2s1,Nup98,Ccdc124,Sap30l,2810403A07Rik,Nrp1,Pcsk7,Slc25a39,Ccdc6,0610011F06Rik,Snx21,Dgka,Tet2,Arf3,Arnt,Zcchc2,Rpl37,Slc4a7,Kif2a,Syt1,Ccdc92,Ptprj,Cbll1,Bad,Zzz3,Dnajc21,Cdh22,Ppil4,Cntnap2,Gltscr2,Hspb6,Arntl,Rictor,Runx1t1,Dock7,Trmt2a,Acy1,Mrps33,Glrx5,Slc24a4,Lhfpl5,Zfp318,Chfr,Actn1,Rpl34,Gadd45g,Gal,Qpctl,Fkrp,Sema6a,H2afv,Ddit4,Prickle1,Mtmr12,Ubap2l,Atp2b2,Usp9x,Lrrn3,Zc3h3,Son,Fam76b,Pcdh1,Bdp1,Snta1,Npr2,Mamld1,Sik2,Plaa,Secisbp2,Uxs1,Rnf165,D630045J12Rik,Slmap,Kptn,Podxl,Dapk1,Otud4,Gpam,Lrfn2,Cdk19,Tpp2,Kctd1,Arl15,Kcnh7,Phf8,Maged2,Trub2,Bnip2,Tfam,Far2,Tsc22d4,Robo2,Pias1,H2afx,Meg3,Stt3a,Smad3,Wdr90,Akap13,Ilf2,Tbc1d1,Gm561,Sgip1,Dnajc13,Avp,Myo9a,Phtf2,Etv6,Apbb2,Fezf2,Tmem62,1110032F04Rik,Ecel1,Hist1h1c,Cd82,Taok1,Mrpl19,Rab8b,Thsd7a,Zfp180,Taf15,Pfkfb3,Fam102a,Dhrs3,Hsd17b11,Usp27x,Dopey1,Ddx50,Crocc,Jun,Paqr8,Skil,Cdh11,Arhgap25,Mfap3l,Ift27,Gls,Slc25a36,Pard3,Caml,Ctxn2,Gemin6,Cdk8,Acap2,Gm10052,Smg7,Zmym2,Tub,Smug1,Tceb1,AI314180,Lrp10,Grin2d,Cpd,Cyb561d2,Stim2,Tcerg1l,Amigo2,Nhlrc3,Pdik1l,Asap1,Cdh18,Zfp335,Hnrnph1,Morn2,Timm22,Gm5577,Ccdc88c,Mib1,Edc4,Ablim2,Foxp1,1700025G04Rik,R3hdm1,Ankmy2,Tmem145,Sdhaf1,Sepp1,Spopl,Mapk14,Madd,Rps29,Ankhd1,Scn1b,Ltbp1,Mrpl52,Prkg1,Strn,Drd2,Psme4,Ube2l6,1110001J03Rik,Ufd1l,Map4k5,Slc25a37,Xpo6,Emd,Atxn7,Fam81a,Itpk1,Eea1,Stag1,Etfb,Ankrd44,Lig3,Ech1
37	transfac_pro-M03167	0.0310953	3.05098	M2		Cnot1,Ssbp2,Tbcc,Syt1,Olig2,R3hdm1,Sema6a,Ino80,D630045J12Rik,Apbb2,Nrp1,Nr3c1,Hivep2,Stt3a,Caml,Pdik1l,Tsr1,Smg7,Kdm3a,Prkag2,Ablim2,Scaf8,Snx21,Parp8,Dmxl1,Pds5a,Cnot6l,Morn2,Srpk1,Sltm,Sema4a,Arf3,Atp2b2,Ift27,Scn8a,Akap13,Lrp6,Xrn2,Stag1,Rps6ka3,Lmo4,Xkr4,Itga6,Ucp2,Cnot2,Sssca1,Dhrs3,Cdk19,Slc35b1,Cntnap2,Tsc22d4,Dnajc21,Ndrg2,Trmt6,Strn,Apln,Hsd17b11,Dapk1,Fam76b,Nipbl,Slc24a4,Qpctl,Cdk8,Mtmr12,Bad,Obsl1,Armc8,Actn1,Zcchc2,Bcor,Nbea,Dyrk1a,Ralgps2,Nme1,Map4k3,Arfgef1
38	elemento-ACGTGCG	0.0310487	3.03959	M6		Cdc73,Zfp292,Ddit4,Ubap2l,Ccdc88c,Xrn2,Opa3,Gse1,Zzz3,Cntfr,Ctxn2,2210018M11Rik,Myo9a,Cstf1,Sumo2,Krtcap2,Zdhhc5,Pip5k1a,Hnrnpu,Dmxl2,Phospho1,Secisbp2,Rnf165,Cpeb1,Zfp771,Gm10052,Nol10,Lzts2,Bckdha,Atxn2,Wdr26,A830010M20Rik,Spred2,Rhebl1,Mapk8,Atxn3,Tet2,Pias1,Abca1,Ccdc6,Rell2,Phb,Coro7,Tle4,Rps6kb1,Nras,Tex10,Unc5d,Cnot2,Mllt10,Dhrs3,Napa,Bcor,Snx8,Ubr5,Robo2,Avp,Usp7,Asxl2,Invs,Stxbp5l,Acin1,Tshz3,Nbea,Lrfn2,Sltm,Tceb1,Dmxl1,Nrd1,Mt2,Dapk1,Nup98,Prkag2,Eml4,Ulk3,Mapk14,Arpp21,Dlk1,Mycbp2,Smad3,Prkg1,Emd,Trappc6a,Pxdn,Bloc1s3,Tmem62,Rpl5,Sidt1,Grcc10,Ddt,Pcsk7,Zcchc2,Akt2,Etv5,Klhl32,Son,Gadd45g,Sgip1,Slc2a1,Sae1,Ttll4,Asphd1,Atp5e,Rps12,H2afv,Slc2a13,Pdrg1,Scaf8,Cables1,Itga6,Dip2b,Apbb2,Mllt3,Ssbp2,Foxp2,Stt3a,Hirip3,Mkl2,Slc7a11,Lrp10,Klf15,Pim3,Cbll1,Bad,Entpd4,Bbc3,Plcl2,Slc11a2,Dph2,Katna1,Ccdc92,Dnajc13,Enho,Tasp1,Hnrnph1,Cnot6l,Olig1,Rnpc3,Srrm1,Pomc,Eml5,Ptprd,Gpam,Prkci,Blvrb,Snx21,Stim2,Ercc6,Abi2,Atg16l1,Dnajb2,Ubr2,2010204K13Rik,Ttc13,Rpl34,Nuak1,Rpl37,1110032F04Rik,Taok1,Slc25a39,Galnt2,Cspp1,Crocc,Pdik1l,Snrnp48,Akap8,Tcerg1l,Pinx1,Tmem120b,Pfkfb3,Lrp6,Ece2,Timm22,Gls,Mkx,Dock7,Rnf111,Kif2a,Acvr1,Ctps,Itpk1,Ntng2,Bcl11a,Tsc22d4,Tpp2,Ercc2,Skil,Slc25a37,Ddx50,Iqgap2,Ank2,Tbc1d1,Gm5577,Ankrd54,Etfb,Stag1,Gabrb3,Acsl4,Lmo4,Zfp280d,Hist2h2be,Flnb,Hpca,Gyk,Trip12,Gjb6,Osbpl3,Ssh2,Spag5,Zfp369,AI314180,Nbn,Upp2,Leng8,Dnajc1,Morn2,Strn,Slc25a33,Sema4a,Prrg3,Raph1,Lig3,Ankrd26,Ifit3,Lrrc8a,Pde1b,Baz2b,Lyn,Tsr1,Fgfbp3,Asap2,Zfp143,Acap2,Cacnb4,Epha4,Mrpl34,Mef2a,Glrx5,Xpo6,Rictor,Gpatch8,Mapkbp1,Lrp8,Ankrd27,Ankmy2,Fgd4,Armc6,Zfp318,Mdc1,Zfp507,Nol11,Kctd1,E2f1,Asap1,Dhrs13,D630045J12Rik,Txnip,Olig2,Rtf1,Gria2,1700025G04Rik,Sssca1,Zmym2,Fam149a,Lrba,Tbcc,Ino80b,Spred1,Bcdin3d,Baalc,0610011F06Rik,Ecel1,Sik2,Dcbld2,Dopey1,Rsph9,Nedd4l,Sema6a,Prpf8,Wdfy1,Dhx57,Cebpd,Foxp1,Pfkfb2,Lpcat3,Nipbl,Ubp1,3110040N11Rik,Ikbkb,Ablim2,Pex6,Hyi,C1qb,Nubp2,Stk38,Abi1,Ltbp1,Ccdc61,Mt1,Ralgps2,Zfp14,Pink1,Cyth4,Cpd,Amigo2,Clvs1,Pla2g12a,R3hdm1,Rpl35
