; Name	dn.txt
; Species and nomenclature	Mus musculus, MGI symbols
; Motif collection	10K (9713 PWMs)
; Minimum NEScore	3.0
; Rank threshold for visualization	5000
; ROC threshold for AUC calculation (%)	0.03
; Minimum identity between orthologous genes	0.0
; Maximum false discovery rate (FDR) on motif similarity	0.001
; Motif rankings database	500bp upstream (7 species)
; Number of valid nodes	117
; iRegulon version	iRegulon v1.3 (build: 2015-02-12)
# Rank	Motif id	AUC	NES	ClusterCode	Transcription factor	Target genes
1	jaspar-CN0049.1	0.0580003	5.8493	M1		Syt4,Hcrt,Pmch,Hnrnpc,Insig2,Eapp,Nr4a1,A2m,Nudt19,Ddo,Zfp874b,Pcdhb9,Bin1,Hr,Timm22,Slc39a3,Ogfrl1,Prkcq,Hsd17b11,Dpy30,Zfp874a,Gm14325,Tmem159,Retsat,Rit2,Zfyve21,Paip2,Hddc3
2	taipale-TTTTCCATGGAAAA-NFATC1-full	0.0509177	4.97323	M2	Nfatc1	Thop1,Srsf7,Rsph9,Chac2,Olfr287,Comt,Prodh,Eapp,Cox7a2,Retsat,Oscp1,Prkcq,Sri,Nudt19,Dnajc15,Zfp874a,Zfp874b,Acyp1,Pcdhb9,Rit2,Hnrnpc,A2m,Paip2,Tmem97,Hcrt,Rnf182,Vta1,Spice1,Zfyve21,Izumo4,Hsd17b11,1700019D03Rik,Tmco6,Pcna
3	yetfasco-581	0.0503335	4.90096	M3		Egr2,Fam188a,Mphosph10,Paip2,Insig2,Vta1,Ercc3,Smn1,Srsf7,Hsd17b11
4	jaspar-PF0066.1	0.0489369	4.72821	M4		Higd2a,Cox7b,Retsat,Paip2,Ap2m1,Timm22,Scamp4,Thyn1,Zfp874a,Zfp874b,Chac2,Dpy30,A2m,Tmco6,Pcdhb9,Rnf182,Rdh5,Comt,1110008P14Rik,Gm1821,Hsd17b11,Tram1l1,Mrps25,Mphosph10,Ddx19a,Tmem97,Rit2,Ddo
5	yetfasco-1386	0.0485094	4.67533	M3		Egr2,Fam188a,Hnrnpc,Mphosph10,Hsd17b11,Insig2,Ercc3,Smn1,Vta1,Retsat,Ngrn
6	jaspar-PF0060.1	0.0470701	4.4973	M5	Foxo4	Paip2,Vta1,Nr4a1,Egr2,Hsd17b11,Insig2,Pmch,Spice1
7	taipale-ACCGGAWATCCGGN-FLI1-DBD	0.0462863	4.40035	M6	Fli1	Egr2,Hnrnpc,Insig2,Pmch,Spice1,Ercc3
8	taipale-GGYGTGANNNNTCACRCC-MGA-DBD	0.0462578	4.39682	M7	Mga,Tbx2,Tbx5,Tbx4	Pmch,Hnrnpc,Syt4,Sri,Paip2,Hacl1
9	jaspar-CN0038.1	0.0461865	4.38801	M1		Syt4,Hcrt,Nr4a1,A2m,Eapp,Hnrnpc,Acyp1,Gm14325,Insig2,Prkcq,Pcdhb9,Scrg1,Hsd17b11,Naa20,Ensa,Slc39a3,Retsat,Cox7b,Camk4,Hr,Nudt19,Isoc2b,Zfp874b,Comt,Ap2m1,Dpy30,Pglyrp1,Rnf182,Pcna,Zfyve21,Chac2,Bin1
10	jaspar-PF0001.1	0.04593	4.35628	M8	Zscan10,Nrf1	Wrb,Tomm7,Rxrb,Sbds,Srsf7,Higd2a,Dpy30,Thop1,Ap2m1,Commd8,Eapp,Spice1,Retsat,Arl16,Insig2,Auh,Slu7,Mrps25,Arxes1,Tram1l1,Izumo4,Sri,Zfyve21,Hddc3,Cox7a2,Mphosph10,Chac2,Bin1,Traf2,Ociad2
11	transfac_public-M00108	0.0454455	4.29635	M3	Gabpb1,Erg,Etv5,Fli1,Ets2,Gabpa,Ets1,Fev,Elk3,Elk4,Etv3,Etv2,Erf,Etv1	Insig2,Paip2,Ercc3,Fam188a,Smn1,Vta1,Mrpl47,Ngrn
12	tfdimers-MD00140	0.0448755	4.22584	M9	Otx2,Irf1	Nr4a1,Ap2m1,Rit2,Tifa,Pmch,Cox7a2,Rnf182
13	taipale-NCCGGAWATCCGGN-ERG-DBD	0.0447044	4.20469	M6	Erg	Egr2,Hnrnpc,Pmch,Spice1,Insig2,Ercc3,Ogfrl1,Paip2,Ngrn,Retsat,Sri,Eapp,Hsd17b11,Fam188a,Syt4,Dnajb4,Hddc3,Mrpl47,Tifa,Auh,Dpy30,Rsph9,Commd8,Sbds,Dnajc15,Pcdhb9
14	taipale-GGTGTNANWWNTNACACC-TBX2-full	0.0444622	4.17472	M7	Tbx2,Tbx4,Mga,Tbr1	Syt4,Dpy30,Sri,Hnrnpc,Pmch,Paip2,Tmem159,Retsat,Hacl1,Spice1,Dnajc15,Magee2,Tifa
15	transfac_pro-M01165	0.0442912	4.15357	M3	Elk1,Elk4,Elk3,Gabpa,Erg,Fli1,Fev,Ets2,Erf,Etv5,Ets1,Etv1,Etv3,Etv2,Gabpb1	Insig2,Paip2,Ngrn,Ercc3,Egr2,Vta1,Fam188a,Rxrb
16	taipale-NATGASTCATN-NFE2-DBD	0.0442627	4.15004	M10	Nfe2,Bach1,Jdp2,Bach2,Batf,Sfpi1,Srf	Pmch,Trib1,Srsf7,Atf4,Arc,Dnajc15,Syt4
17	homer-M00043	0.0439207	4.10774	M3	Elk4,Etv2,Gabpa,Etv1,Fev,Ets2,Fli1,Etv5,Elk3,Ets1,Erg,Etv3,Erf,Elk1,Elf3,Elf2,Elf4,Elf1,Elf5,Ehf,Spic,Gabpb1,Spdef,Spib	Insig2,Fam188a,Ercc3,Paip2,Mphosph10,Egr2,Ngrn,Hnrnpc,Mrpl47,Naa20,Smn1
18	hdpi-RARG	0.0430371	3.99845	M3	Rarg	Fam188a,Paip2,Insig2,Vta1,Smn1,Ercc3,Hsd17b11
19	yetfasco-1011	0.0427948	3.96848	M11		Prkcq,Retsat,Tifa,Eapp,Arxes1
20	encode-UW.Motif.0243	0.0426096	3.94557	M12		Hcrt,Paip2,Pmch,Hsd17b11,Hr,Rsph9
21	tfdimers-MD00284	0.0420681	3.87859	M1	Pdx1,Mycs,Hoxd1,Hoxb5,Hoxa3,Vsx2,Hoxa5,Irf6,Gbx2,Prrx2,Gsx2,Nobox,Hoxa2,Lhx6,Dbp,Emx1,Hesx1,Tcf3,Hoxb2	Syt4,Hcrt,Rdh5,Ddo,Rnf182,Pmch,Retsat,Dnajb4
22	jaspar-PF0113.1	0.0419541	3.86448	M4	Zfp143	Cox7b,Retsat,Higd2a,Timm22,Ap2m1,Trib1,Thyn1,Paip2,Scamp4,Vta1,Dpy30,Pcdhb9,Dnajc15,Chac2,Mrps25,Zfp874a,Zfp874b,Rnf182
23	jaspar-PF0154.1	0.0415835	3.81865	M13		Hcrt,Tmem159,Traf2,Camk4,Ddo,Hnrnpc,Retsat
24	homer-M00052	0.0415123	3.80984	M3	Elk4,Elk1,Erg,Etv5,Gabpa,Ets2,Erf,Ehf,Elk3,Fli1,Fev,Etv1,Ets1,Etv2,Etv3,Elf2,Gabpb1,Elf1	Insig2,Fam188a,Ercc3,Paip2,Mrpl47,Ngrn,Vta1,Smn1,Egr2,Rxrb,Naa20,Hnrnpc,Hsd17b11
25	flyfactorsurvey-Ets96B_SANGER_5_FBgn0039225	0.041384	3.79398	M3	Etv1,Etv4,Etv5,Fli1,Fev,Elk3,Ets2,Erg,Gabpa,Ets1,Etv3,Elk4,Etv2,Erf,Elk1,Gabpb1,Elf2,Elf1,Ehf,Elf3,Elf4	Insig2,Paip2,Ercc3,Fam188a,Ngrn
26	transfac_pro-M02074	0.0412558	3.77811	M3	Gabpa,Etv2,Ets2,Fev,Etv1,Elk3,Ets1,Erf,Fli1,Erg,Elk4,Elk1,Etv3,Etv5,Elf2,Elf3,Elf1,Elf4,Spdef,Gabpb1,Spic,Elf5,Ehf,Spib,Sfpi1	Insig2,Fam188a,Ercc3,Paip2,Ngrn,Egr2,Hnrnpc,Mrpl47,Smn1,Vta1,Naa20,Spice1,Mphosph10,Srsf7,Prl,Hsd17b11
27	transfac_pro-M01258	0.0411845	3.7693	M3	Elk1,Ets2,Etv1,Fli1,Gabpa,Etv5,Erg,Fev,Elk4,Elk3,Ets1,Etv2,Etv3,Elf2,Gabpb1,Elf4,Erf,Elf3,Ehf,Elf1,Gli3	Paip2,Fam188a,Insig2,Ercc3,Mrpl47,Ngrn,Vta1,Smn1
28	yetfasco-1887	0.040871	3.73052	M14		Insig2,Rdh5,Spsb1,Hddc3,Srsf7,Tomm7,Spice1,Arc,Retsat,Pcdhb9,Tmem97,Cox7a2,Sri,Fam188a,Pcna,Timm22,Slc39a3,Hnrnpc,Scamp4,Acyp1,Smn1,Ddo,Wrb
29	yetfasco-529	0.040814	3.72347	M3		Egr2,Hnrnpc,Ngrn,Fam188a,Insig2,Ercc3
30	taipale-ACCGGAAGTN-ETV3-DBD	0.0406857	3.7076	M3	Etv3,Elk4,Fev,Elk3,Erg,Ets2,Fli1,Elk1,Erf,Etv1,Etv5,Ets1,Gabpa,Etv2,Gabpb1,Elf2,Elf1,Elf4,Elf3,Spic	Insig2,Paip2,Fam188a,Ercc3,Ngrn,Mrpl47
31	homer-M00883	0.0406572	3.70408	M12		Nr4a1,Dpy30,Rxrb,Srsf7,Tomm7,Retsat,Sep15
32	transfac_pro-M01992	0.0405717	3.6935	M3	Etv5,Etv2,Ets2,Erf,Fev,Elk4,Etv1,Elk3,Ets1,Elk1,Fli1,Gabpa,Etv3,Erg,Elf2,Elf3,Elf1,Elf5,Elf4,Ehf,Spdef,Gabpb1,Spic,Spib,Sfpi1	Insig2,Paip2,Ercc3,Fam188a,Ngrn,Hnrnpc,Egr2,Mrpl47,Naa20,Smn1,Vta1
33	transfac_pro-M01742	0.0405575	3.69174	M8	Zscan10,Nrf1	Wrb,Sbds,Tomm7,Srsf7,Dpy30,Rxrb,Higd2a,Commd8,Insig2,Ap2m1,Eapp,Thop1,Spice1,Retsat
34	swissregulon-NRF1.p2	0.0404435	3.67764	M8	Nrf1,Zscan10	Srsf7,Rxrb,Sbds,Tomm7,Wrb,Dpy30,Higd2a,Ap2m1,Commd8,Insig2,Thop1,Eapp,Spice1,Hnrnpc,Retsat,Trib1,Nr4a1,Sep15,Auh,Slu7,Arxes1,Mphosph10,Traf2,Itpk1,Paip2,Mrps25,Sri,Bin1,Vta1,Dnajc15,Izumo4,Tmem97,Tram1l1,Tmco6
35	transfac_pro-M01983	0.0403722	3.66882	M3	Elk4,Elk1,Elk3,Fev,Ets2,Etv5,Erf,Etv1,Erg,Etv2,Fli1,Ets1,Gabpa,Etv3,Elf2,Elf1,Elf3,Gabpb1,Elf4,Ehf,Elf5,Spic,Spdef,Spib	Insig2,Paip2,Fam188a,Ercc3,Ngrn,Hnrnpc,Mrpl47,Egr2
36	yetfasco-640	0.0403152	3.66177	M15	Srf	Retsat,Cox7b,Hsd17b11,Timm22,Higd2a,Cox7a2,1700019D03Rik,Rnf182,Scamp4,Rxrb,Magee2,Hr
37	jaspar-MA0028.1	0.040301	3.66001	M3	Elk1,Ets1,Ehf,Gabpa,Etv2,Fli1	Insig2,Ercc3,Fam188a,Egr2,Ngrn
38	jaspar-MA0015.1	0.0402867	3.65825	M16		Srsf7,Egr2,Nr4a1,Pmch,Atf4,Trib1
39	transfac_pro-M02060	0.0402725	3.65648	M3	Elk3,Fev,Elk4,Ets2,Elk1,Erg,Etv5,Erf,Etv2,Ets1,Etv1,Fli1,Gabpa,Etv3,Elf2,Gabpb1,Elf1,Elf3,Elf4,Spic,Ehf,Elf5,Spdef,Spib	Insig2,Ercc3,Paip2,Fam188a,Ngrn,Egr2,Mrpl47,Vta1,Hnrnpc,Smn1,Naa20
40	encode-UW.Motif.0218	0.0402582	3.65472	M14		Cox7a2,Scrg1,Retsat,Hsd17b11,Rnf182,Sri,Hcrt,Paip2,Pmch,A2m,Dpy30,Trib1,Acyp1,Rdh5,Hnrnpc,Srsf7,Insig2,Spice1
41	taipale-MCGCCCACGCA-EGR2-DBD	0.0402155	3.64943	M17	Egr2,Egr1,Egr3,Egr4	Hr,Sbds,Thop1,Nudt19,Insig2,Sep15,Tmem97,Fam188a,Trib1,Arc,Commd8,Ociad2,Vta1,Wrb,Dpy30,Hnrnpc,Retsat,Spice1,Ap2m1,Pcna
42	jaspar-CN0120.1	0.0400872	3.63357	M18		Pmch,Hcrt,A2m,Rsph9
43	transfac_pro-M02054	0.040016	3.62476	M3	Elf2,Elf4,Elf5,Elf1,Elf3,Ehf,Etv5,Etv2,Ets2,Gabpa,Etv1,Ets1,Fev,Erf,Fli1,Elk4,Elk3,Erg,Etv3,Elk1,Spdef,Spic,Gabpb1	Fam188a,Insig2,Paip2,Ercc3,Hnrnpc,Ngrn,Naa20
44	taipale-ACCGGAWATCCGGT-ERG-full	0.0399875	3.62123	M6	Erg	Hnrnpc,Egr2,Insig2,Spice1,Pmch,Ercc3,Ngrn,Paip2,Ogfrl1,Retsat,Sri,Eapp,Fam188a,Hsd17b11,Mrpl47,Hddc3,Dnajb4,Bin1,Tifa,Dpy30,Sbds,Dnajc15,Auh,Rsph9,Commd8,Pcdhb9,Vta1,1110008P14Rik,Syt4
45	taipale-AACCCGGAAGTN-ELF1-DBD	0.0398735	3.60713	M3	Elf1,Elf4,Elf2,Ehf,Elk3,Elf5,Elf3,Etv5,Elk1,Gabpa	Fam188a,Paip2,Insig2,Mrpl47,Ngrn,Ercc3,Hnrnpc
46	taipale-ACCGGAWGYN-ETV5-DBD	0.0397879	3.59655	M3	Etv5,Ets1,Fev,Ets2,Etv2,Erf,Etv1,Elk3,Etv3,Elk4,Fli1,Elk1,Gabpa,Erg,Elf2,Elf3,Elf1,Gabpb1,Spdef,Spic,Elf4,Ehf,Spib,Elf5,Sfpi1	Insig2,Ercc3,Paip2,Fam188a,Ngrn,Egr2,Mrpl47,Vta1,Smn1,Hnrnpc
47	taipale-TGACCTTTAAAGGTCA-NR4A2-full	0.0397024	3.58598	M19	Nr4a2	Bin1,Nudt19,Magee2,Naa20,Srsf7,Ebpl,Retsat,Eapp,Sri,Dnajc15,Zfp874a
48	taipale-NCGAAACCGAAACYN-IRF4-full	0.0395884	3.57187	M20	Irf4	Ddo,Prkcq,Pcna,1110008P14Rik,Naa20,Mphosph10,Retsat
49	jaspar-PF0107.1	0.0395742	3.57011	M20	Nf1	Rit2,Paip2,Tmem97
50	flyfactorsurvey-aop_SANGER_10_FBgn0000097	0.0395457	3.56659	M3	Etv6,Ets2,Elk3,Fli1,Etv5,Gabpa,Fev,Etv1,Elk4,Ets1,Erf,Erg,Etv2,Etv3,Elk1,Gabpb1,Elf2,Elf3,Elf1,Ehf,Elf4	Insig2,Fam188a,Ercc3,Paip2,Ngrn,Mrpl47,Smn1,Hnrnpc,Rxrb,Vta1,Naa20,Mphosph10,Egr2,Dpy30
51	transfac_public-M00012	0.0393177	3.53838	M16		Srsf7,Egr2,Atf4,Trib1,Nr4a1,Pmch
52	taipale-NCGAAACCGAAACT-IRF8-full	0.0392464	3.52957	M20	Irf8	Ddo,Pcna,Prkcq,Syt4,Retsat,Naa20,Mphosph10
53	swissregulon-FOXQ1.p2	0.0392179	3.52604	M5	Foxq1,Foxj2	Trib1,Nr4a1,Pmch,Acyp1,Spice1,Rit2
54	transfac_pro-M01163	0.0391324	3.51547	M3	Elk1,Elk4,Elk3,Erg,Fev,Fli1,Ets2,Gabpa,Etv5,Erf,Gabpb1,Ets1,Etv1,Etv3,Etv2	Insig2,Ngrn,Paip2,Vta1,Egr2,Fam188a,Ercc3,Mrpl47,Becn1,Naa20,Hnrnpc,Mphosph10,Dpy30,Rxrb
55	transfac_pro-M02069	0.0390612	3.50665	M3	Etv5,Elk4,Elk1,Elk3,Fev,Ets2,Erf,Etv2,Ets1,Etv1,Erg,Fli1,Gabpa,Etv3,Elf2,Elf1,Elf3,Gabpb1,Elf4,Ehf,Spic,Elf5,Spdef,Spib	Insig2,Ercc3,Paip2,Fam188a,Ngrn,Egr2,Mrpl47,Hnrnpc,Naa20
56	hdpi-TRIM69	0.0388759	3.48374	M8	Trim69	Wrb,Sbds,Dpy30,Higd2a,Insig2,Tomm7,Retsat,Srsf7,Ap2m1,Eapp,Thop1,Rxrb,Commd8
57	taipale-ACCGGAAGTN-GABPA-full	0.0388189	3.47669	M3	Gabpa,Elk4,Elk3,Elk1,Fev,Etv5,Ets2,Erf,Etv1,Fli1,Erg,Ets1,Etv2,Etv3,Elf2,Gabpb1,Elf1,Elf3,Elf4,Ehf,Spic,Elf5	Paip2,Insig2,Fam188a,Ngrn,Ercc3
58	transfac_pro-M02056	0.0386336	3.45377	M3	Elf4,Elf2,Elf3,Elf1,Elf5,Ehf,Etv2,Etv5,Gabpa,Ets2,Etv1,Fev,Ets1,Erf,Elk3,Fli1,Erg,Elk4,Elk1,Etv3,Spic,Gabpb1,Spdef	Fam188a,Paip2,Ercc3,Hnrnpc,Insig2,Ngrn
59	transfac_pro-M01987	0.0385909	3.44848	M3	Etv1,Ets2,Elk3,Fev,Etv2,Ets1,Gabpa,Erg,Fli1,Erf,Etv5,Elk4,Etv3,Elk1,Elf2,Elf3,Elf1,Spdef,Elf4,Gabpb1,Spic,Ehf,Elf5,Spib,Sfpi1	Insig2,Ercc3,Paip2,Fam188a,Ngrn,Egr2,Mrpl47,Hnrnpc,Smn1,Vta1,Naa20,Mphosph10,Spice1
60	transfac_pro-M01167	0.0385624	3.44496	M3	Elk4,Elk3,Fev,Fli1,Ets2,Erg,Ets1,Etv1,Elk1,Erf,Etv2,Gabpa,Etv5,Etv3,Elf2,Gabpb1,Elf1	Insig2,Fam188a,Ercc3,Paip2,Ngrn,Mrpl47,Egr2,Hnrnpc,Rxrb,Naa20
61	jaspar-MA0076.1	0.0385339	3.44143	M3	Elk4,Fev,Elk3,Ets2,Elk1,Fli1,Erg,Ets1,Erf,Etv5,Etv1,Etv2,Gabpa,Etv3,Gabpb1,Elf2,Elf1	Insig2,Ercc3,Ngrn,Fam188a,Egr2,Paip2
62	transfac_pro-M01195	0.0385196	3.43967	M7	Tbx22,Tbx18,Tbx15,Eomes,Tbx20,Tbx1,Tbr1,Tbx6,Tbx21,Mga	Syt4,Rdh5,Rit2,Rsph9,Sri,Comt,Spice1
63	homer-M00041	0.0384769	3.43438	M3	Elf1,Ehf,Elk1,Etv5,Elk4,Erf,Ets2,Etv1,Fev,Elk3,Fli1,Elf2,Gabpa,Ets1,Etv2,Erg,Etv3,Elf3,Elf4,Elf5,Gabpb1	Insig2,Fam188a,Paip2,Ercc3
64	transfac_pro-M02059	0.0384626	3.43262	M3	Elk1,Elk3,Ets2,Elk4,Etv5,Fev,Erf,Fli1,Gabpa,Etv2,Erg,Ets1,Etv1,Etv3,Elf2,Gabpb1,Elf1,Elf3,Elf4,Spic,Ehf,Elf5,Spib	Insig2,Paip2,Fam188a,Ercc3,Ngrn,Mrpl47,Vta1,Egr2,Smn1,Naa20,Hnrnpc
65	taipale-TGCTTTCTAGGAATTMM-BCL6B-DBD	0.0384199	3.42733	M21	Bcl6b,Bcl6	Sri,Paqr8,A2m,Retsat,Bin1
66	taipale-NNMCGCCCMCTCANNN-Egr1-mouse	0.0383486	3.41852	M17	Egr1,Egr2,Sp4,Egr3,Egr4,Klf17,Zfp352,Sp8,Sp9,Sp6,Sp7,Sp5	Hr,Magee2,Trib1,Thop1,Ensa,Rxrb,Paip2,Arc,Srsf7,Nr4a1,Retsat,Vta1,Ogfrl1,Insig2,Bin1,Ap2m1,Tmem97,Traf2,Fam188a,Haus8
67	transfac_pro-M02068	0.0383344	3.41676	M3	Etv3,Fev,Fli1,Ets2,Erg,Etv2,Gabpa,Erf,Elk3,Etv1,Ets1,Etv5,Elk4,Elk1,Elf3,Elf2,Gabpb1,Elf1,Elf4,Spic,Ehf,Spib,Elf5,Sfpi1,Spdef	Insig2,Fam188a,Paip2,Ercc3,Ngrn,Vta1,Mrpl47,Smn1,Naa20,Hnrnpc,Egr2
68	transfac_pro-M01985	0.0382346	3.40442	M3	Erg,Fev,Fli1,Ets2,Gabpa,Etv2,Etv1,Elk3,Ets1,Etv3,Erf,Elk4,Elk1,Etv5,Elf2,Elf3,Gabpb1,Elf1,Elf4,Spic,Spdef,Ehf,Spib,Elf5	Insig2,Fam188a,Paip2,Ercc3,Ngrn,Mrpl47,Vta1
69	transfac_pro-M02058	0.0380921	3.38679	M3	Elk4,Fli1,Ets2,Elk3,Fev,Etv1,Erg,Etv2,Gabpa,Ets1,Etv5,Etv3,Erf,Elk1,Elf2,Elf3,Elf1,Elf4,Gabpb1,Ehf,Elf5,Spic,Spdef,Spib	Insig2,Fam188a,Paip2,Ercc3,Ngrn,Mrpl47,Hnrnpc,Vta1,Naa20,Smn1,Egr2
70	taipale-ACCGGAAGTN-ELK1-full	0.0380494	3.3815	M3	Elk1,Elk4,Elk3,Fli1,Fev,Gabpa,Ets2,Erg,Etv5,Erf,Ets1,Etv1,Etv2,Etv3,Gabpb1,Elf2,Elf1,Spic,Elf3,Elf4	Insig2,Paip2,Ercc3,Ngrn,Fam188a,Mrpl47,Vta1,Naa20,Smn1,Hnrnpc,Uros,Egr2,Hsd17b11,Rxrb,Becn1,Mphosph10,Dpy30,Pglyrp1,Spice1,Prl
71	transfac_pro-M01975	0.0380209	3.37798	M3	Elf1,Elf2,Elf4,Elf5,Ehf,Elf3,Etv5,Etv2,Elk4,Ets2,Fev,Erf,Elk1,Ets1,Elk3,Etv1,Gabpa,Fli1,Erg,Etv3,Spdef,Spic,Gabpb1	Paip2,Fam188a,Ercc3,Insig2,Hnrnpc,Ngrn,Naa20,Mrpl47
72	transfac_pro-M01069	0.0380066	3.37621	M22	Gzf1	Srsf7,Egr2,Trib1,Rxrb,Dnajc15
73	taipale-ACCGGAAGTN-Elk3-DBD	0.0379639	3.37092	M3	Elk4,Elk3,Fev,Elk1,Fli1,Ets2,Gabpa,Etv5,Erg,Erf,Etv1,Ets1,Etv2,Etv3,Gabpb1,Elf2,Elf1,Spic,Elf3,Elf4	Insig2,Paip2,Ercc3,Ngrn,Fam188a,Mrpl47,Vta1,Naa20,Smn1,Egr2,Hnrnpc,Uros,Rxrb,Dpy30,Hsd17b11,Spice1,Becn1,Mphosph10,Pglyrp1,Prl
74	flyfactorsurvey-Ets97D_SANGER_10_FBgn0004510	0.0378356	3.35506	M3	Gabpa,Fli1,Erg,Fev,Ets2,Elk3,Ets1,Etv2,Etv3,Erf,Elk4,Etv1,Elk1,Etv5,Gabpb1,Elf2,Elf1	Insig2,Ercc3,Fam188a,Ngrn,Paip2,Rxrb
75	taipale-ACCGGAAGTN-ELK1-DBD	0.0378356	3.35506	M3	Elk1,Elk4,Fev,Elk3,Ets2,Etv5,Erf,Fli1,Etv1,Etv2,Ets1,Erg,Etv3,Gabpa,Elf2,Gabpb1,Elf1,Elf3,Spic,Elf4,Ehf,Elf5,Spib	Insig2,Paip2,Ercc3,Fam188a,Ngrn,Mrpl47,Vta1,Naa20,Smn1,Egr2,Hnrnpc,Mphosph10,Hsd17b11,Uros
76	transfac_pro-M01982	0.0377216	3.34096	M3	Elk3,Fev,Etv1,Ets2,Fli1,Elk4,Etv2,Elk1,Erg,Ets1,Gabpa,Erf,Etv5,Etv3,Elf2,Elf3,Elf1,Gabpb1,Elf4,Ehf,Spdef,Spic,Elf5,Spib	Insig2,Fam188a,Paip2,Ercc3,Ngrn,Mrpl47,Hnrnpc,Egr2,Vta1,Smn1,Naa20,Spice1
77	factorbook-GABP	0.0376218	3.32862	M3	Gabpa,Fli1,Ets2,Ets1,Etv1,Erg,Fev,Elk3,Etv5,Elk1,Etv2,Gabpb1,Etv3,Erf,Elf2,Elk4,Elf4,Ehf,Elf3,Elf1	Paip2,Fam188a,Insig2,Mrpl47,Ercc3,Ngrn
78	transfac_pro-M02037	0.0374508	3.30747	M3	Fev,Gabpa,Ets2,Erg,Fli1,Etv2,Elk3,Etv1,Ets1,Etv3,Elk4,Erf,Elk1,Etv5,Elf2,Elf3,Elf1,Elf4,Gabpb1,Spdef,Spic,Ehf,Elf5,Spib,Sfpi1	Insig2,Ercc3,Fam188a,Paip2,Ngrn,Mrpl47,Vta1,Egr2,Hnrnpc
79	transfac_pro-M00810	0.0372513	3.28279	M12	Srf	Egr2,Nr4a1,A2m,Hcrt,Bin1
80	taipale-ACCGGAAGTN-ELK3-DBD	0.0371801	3.27398	M3	Elk3,Elk4,Fev,Etv5,Ets2,Erf,Fli1,Elk1,Etv2,Etv1,Ets1,Erg,Etv3,Gabpa,Elf2,Gabpb1,Elf1,Elf3,Spic,Elf4,Ehf,Elf5,Spib	Insig2,Paip2,Ercc3,Fam188a,Ngrn,Mrpl47,Egr2,Vta1,Naa20,Smn1,Hnrnpc,Mphosph10,Hsd17b11,Dpy30,Uros
81	yetfasco-333	0.0371516	3.27045	M2		Thop1,Cox7a2,Srsf7,Hnrnpc
82	swissregulon-ELK1-4_GABP_A-B1_.p3	0.0370518	3.25811	M3	Gabpb1,Gabpa,Elk4,Elk1,Ets2,Erg,Fli1,Etv1,Fev,Elk3,Etv2,Ets1,Etv5,Etv3,Erf,Elf4,Elf2,Elf3	Paip2,Fam188a,Insig2,Mrpl47,Ercc3,Ngrn,Smn1,Vta1
83	transfac_public-M00243	0.0370091	3.25282	M17	Egr1,Egr2,Egr4,Egr3	Sbds,Hr,Thop1,Sep15,Trib1
84	taipale-NNAACCGTTNN-MYBL1-DBD	0.0368808	3.23696	M23	Mybl1,Myb,Mybl2	Syt4,Trib1,Srsf7,Hsd17b11,Dpy30,Sep15,Rdh5,Insig2
85	yetfasco-1920	0.0368808	3.23696	M24	Zfp622	Dnajc15,Timm22,Cox7b,A2m,Retsat
86	transfac_pro-M01749	0.0367668	3.22286	M2	Nfatc1	Thop1,Srsf7,Hcrt,Rsph9,Prodh,Olfr287,Comt,Ddo,Nr4a1,Fam188a,A2m,Egr2,Rnf182,Cox7a2,Zfp874a,Timm22
87	transfac_pro-M01981	0.0367383	3.21933	M3	Elk1,Elk4,Elk3,Ets2,Fev,Erf,Etv2,Etv5,Etv1,Ets1,Erg,Fli1,Gabpa,Etv3,Elf2,Elf1,Elf3,Gabpb1,Elf4,Ehf,Spdef,Elf5,Spic,Spib	Insig2,Ercc3,Paip2,Fam188a,Ngrn,Mrpl47,Egr2,Hnrnpc,Naa20,Spice1,Vta1
88	homer-M00042	0.036724	3.21757	M3	Elk1,Etv1,Ets2,Etv2,Etv5,Fli1,Fev,Gabpa,Elk3,Erf,Ets1,Etv3,Erg,Elf3,Elk4,Elf2,Elf4,Elf1,Ehf,Gabpb1,Elf5,Spic,Spib,Sfpi1	Fam188a,Insig2,Paip2,Ercc3,Egr2,Ngrn,Mrpl47,Smn1
89	transfac_pro-M01990	0.0366528	3.20876	M3	Etv3,Fev,Ets2,Fli1,Etv2,Erg,Erf,Gabpa,Ets1,Elk3,Etv1,Etv5,Elk4,Elk1,Elf3,Elf2,Gabpb1,Elf1,Spic,Elf4,Spib,Ehf,Sfpi1,Spdef,Elf5	Insig2,Fam188a,Ercc3,Paip2,Ngrn,Vta1,Mrpl47,Egr2,Naa20,Smn1,Hnrnpc
90	transfac_pro-M03163	0.0365815	3.19994	M2		Thop1,Hcrt,Cox7a2,Fam188a,Hnrnpc,Prodh,Hsd17b11,Retsat,Ddo,Srsf7,Dpy30,Eapp,Rsph9,Bin1
91	transfac_public-M00490	0.036553	3.19642	M10	Bach2,Fos,Jund,Fosl1,Junb,Fosb,Jun,Bach1,Jdp2,Fosl2,Batf,Sfpi1,Srf,Arnt	Trib1,Nr4a1,Srsf7
92	transfac_pro-M01639	0.036496	3.18937	M6		Egr2,Ngrn,Fam188a,Insig2,Hnrnpc,Ercc3,Trib1,Paip2,Ogfrl1,Nr4a1,Mrpl47,Auh,Uros,Bin1,Spice1,Tmem159,Retsat,Mphosph10,Naa20
93	taipale-ACCGGAARTN-ELK4-DBD	0.0364533	3.18408	M3	Elk4,Fli1,Fev,Erg,Ets2,Gabpa,Elk3,Etv2,Etv1,Ets1,Etv5,Elk1,Etv3,Erf,Elf2,Gabpb1,Elf1,Elf3,Elf4,Spic,Ehf,Elf5	Insig2,Ercc3,Paip2,Ngrn,Fam188a,Mrpl47,Vta1,Naa20,Hnrnpc,Smn1,Egr2,Spice1,Mphosph10,Uros,Hsd17b11,Dpy30,Pglyrp1,Becn1,Prl,Rxrb,Hr,Srsf7
94	taipale-ATGAATKNYAGTC-SOX8-DBD	0.0362538	3.1594	M18	Sox8,Sox9,Sox10,Sox7,Sox18	Ap2m1,Chac2,Thyn1,Scamp4,A2m,Retsat
95	transfac_pro-M02933	0.0362538	3.1594	M25	Zbtb14	Srsf7,Vta1,Hnrnpc,Pcna,Sri,Timm22
96	transfac_pro-M02040	0.0361683	3.14882	M3	Spdef,Ets1,Etv1,Etv5,Etv2,Ets2,Fev,Erf,Elf3,Elk1,Elk3,Erg,Elk4,Elf2,Gabpa,Elf1,Etv3,Fli1,Elf5,Elf4,Ehf	Hnrnpc,Spice1,Paip2,Egr2,Ngrn,Ercc3,Fam188a,Insig2
97	yetfasco-2134	0.0361255	3.14353	M3		Egr2,Fam188a,Hnrnpc,Vta1,Mphosph10,Hsd17b11
98	flyfactorsurvey-Ets65A_SANGER_10_FBgn0005658	0.036097	3.14001	M3	Fli1,Erg,Elf2,Elf1,Elk3,Gabpa,Fev,Elf4,Elf3,Etv2,Elk1,Ets2,Etv1,Elk4,Ehf,Ets1,Etv5	Paip2,Fam188a,Insig2,Ercc3
99	jaspar-MA0280.1	0.0360258	3.1312	M3		Egr2,Ngrn,Insig2,Fam188a,Ercc3,Hnrnpc,Trib1,Nr4a1,Mrpl47,Uros,Mphosph10,Auh,Paip2,Ogfrl1,Tmem159,Naa20,Bin1
100	yetfasco-481	0.0360258	3.1312	M6		Egr2,Ngrn,Insig2,Fam188a,Ercc3,Hnrnpc,Trib1,Nr4a1,Mrpl47,Uros,Mphosph10,Auh,Paip2,Ogfrl1,Tmem159,Naa20,Bin1
101	taipale-ACCGGAARYN-ETS1-DBD	0.0360115	3.12943	M3	Ets1,Fev,Erg,Elk3,Ets2,Elk4,Fli1,Etv2,Elk1,Gabpa,Etv1,Etv5,Erf,Etv3,Elf2,Elf1,Gabpb1,Elf3,Elf4,Ehf,Spic,Elf5,Spdef	Insig2,Ercc3,Paip2,Ngrn,Fam188a
102	yetfasco-1584	0.0359973	3.12767	M2		Thop1,Hcrt,Cox7a2,Fam188a,Hnrnpc,Retsat,Hsd17b11,Ddo,1110008P14Rik,Dpy30,Prodh,Bin1,Srsf7,Rsph9,Eapp
103	yetfasco-1589	0.0359973	3.12767	M2		Thop1,Hcrt,Cox7a2,Fam188a,Hnrnpc,Retsat,Hsd17b11,Ddo,1110008P14Rik,Dpy30,Prodh,Bin1,Srsf7,Rsph9,Eapp
104	transfac_pro-M01989	0.035926	3.11886	M3	Ets2,Etv2,Fli1,Ets1,Fev,Gabpa,Etv1,Erg,Elk3,Etv3,Erf,Etv5,Elk4,Elk1,Elf2,Elf3,Elf1,Elf4,Gabpb1,Spic,Spdef,Ehf,Spib,Elf5,Sfpi1	Insig2,Ercc3,Fam188a,Paip2,Ngrn,Mrpl47,Vta1,Hnrnpc,Naa20,Smn1,Spice1,Rxrb,Hsd17b11,Egr2,Pglyrp1,Hr,Srsf7,Prl,Dnajb4
105	transfac_pro-M02066	0.0358548	3.11004	M3	Etv4,Ets2,Fev,Fli1,Elk3,Etv1,Etv2,Ets1,Gabpa,Erf,Erg,Etv3,Etv5,Elk4,Elk1,Elf2,Elf3,Elf1,Gabpb1,Elf4,Spic,Ehf,Spib,Spdef,Elf5,Sfpi1	Insig2,Ercc3,Fam188a,Paip2,Ngrn,Mrpl47,Vta1,Egr2,Smn1,Hnrnpc
106	iDMMPMM-EIP74EF	0.0358405	3.10828	M3	Elf2,Elf1,Elf4,Elf3,Ehf,Elk1,Ets1,Elf5,Elk3,Gabpa,Spib	Insig2,Ercc3,Egr2,Prl,Fam188a,Paip2
107	transfac_pro-M00922	0.0358405	3.10828	M12	Srf	Egr2,A2m,Nr4a1
108	yetfasco-371	0.0358263	3.10652	M9		Retsat,Ddo,Insig2,Nr4a1,Srsf7
109	yetfasco-1175	0.0357835	3.10123	M23	Gm13152	Arxes1,Scamp4,Retsat,Paip2,A2m,Gm14325
110	transfac_pro-M01984	0.0357408	3.09594	M3	Erf,Ets2,Etv2,Etv5,Fev,Etv3,Ets1,Elk1,Elk3,Etv1,Elk4,Erg,Fli1,Gabpa,Elf2,Elf3,Elf1,Spic,Gabpb1,Ehf,Spib,Elf5,Elf4,Spdef,Sfpi1	Insig2,Fam188a,Ercc3,Paip2,Ngrn,Vta1,Mrpl47,Egr2,Hnrnpc,Smn1,Naa20
111	transfac_pro-M02053	0.0357265	3.09418	M3	Elf1,Elf2,Elf4,Elf3,Ehf,Elf5,Etv5,Etv2,Erf,Fev,Ets2,Etv1,Elk3,Gabpa,Ets1,Elk4,Elk1,Fli1,Erg,Etv3,Spdef,Spic,Gabpb1,Spib	Fam188a,Paip2,Hnrnpc,Ercc3,Insig2,Ngrn,Naa20,Mrpl47
112	homer-M00402	0.0356837	3.08889	M24	Pou3f4,Pou3f2,Pou3f3,Pou3f1	Prl,Egr2,A2m,Dpy30,Nr4a1,Paip2,Hcrt,Pcdhb9,Pmch
113	taipale-ACCGGAAGTN-ETV4-DBD	0.0356837	3.08889	M3	Etv4,Elk4,Elk1,Fev,Ets2,Elk3,Erf,Etv2,Etv1,Etv5,Ets1,Erg,Fli1,Gabpa,Etv3,Elf2,Elf3,Elf1,Gabpb1,Spic,Elf4,Ehf,Elf5,Spib,Spdef,Sfpi1	Insig2,Ercc3,Paip2,Fam188a,Ngrn,Egr2,Mrpl47,Vta1,Naa20,Smn1,Hnrnpc,Hsd17b11,Spice1
114	encode-UW.Motif.0405	0.0355127	3.06774	M12		Acyp1,Hcrt,Srsf7,A2m
115	transfac_pro-M02743	0.0355127	3.06774	M25	E2f3,E2f2	Trib1,Tmem159,Pcna,Egr2,Atf4,Paip2,Timm22,Dpy30,Nr4a1,Bin1,Hnrnpc,Hddc3,Prkcq,Retsat,1700019D03Rik,Traf2,Izumo4,Tmem97,Srsf7,Mphosph10,Insig2,Spice1
116	taipale-ACCGGAAGTN-ERF-DBD	0.0354842	3.06421	M3	Erf,Elk3,Erg,Fev,Fli1,Elk4,Ets2,Elk1,Etv1,Gabpa,Ets1,Etv3,Etv2,Etv5,Gabpb1,Elf2,Elf1,Elf4,Elf3,Spic	Insig2,Ngrn,Ercc3,Paip2,Fam188a,Mrpl47,Rxrb,Vta1,Naa20,Dnajb4,Hnrnpc,Spice1,Pglyrp1,Hr,Egr2,Hsd17b11,Ap2m1,Smn1,Cox7b,Mphosph10,Prl
117	taipale-ATGASTCAT-Jdp2-DBD	0.0354557	3.06069	M10	Bach1,Jdp2,Batf,Sfpi1	Pmch,Trib1,Arc,Atf4,Srsf7
118	transfac_pro-M01976	0.0354415	3.05892	M3	Elf2,Elf1,Elf4,Elf3,Ehf,Elf5,Etv5,Etv2,Fev,Ets2,Erf,Etv1,Elk3,Gabpa,Elk4,Fli1,Ets1,Erg,Elk1,Etv3,Spic,Gabpb1,Spdef,Spib	Fam188a,Paip2,Ercc3,Insig2,Hnrnpc,Ngrn,Mrpl47,Naa20
119	transfac_pro-M02072	0.0354272	3.05716	M3	Fev,Elk1,Elk4,Ets2,Erf,Etv2,Elk3,Ets1,Etv5,Etv1,Erg,Fli1,Etv3,Gabpa,Elf2,Elf1,Elf3,Spdef,Ehf,Spic,Elf5,Elf4,Gabpb1,Spib,Sfpi1	Insig2,Ercc3,Ngrn,Fam188a,Paip2,Naa20,Egr2,Mrpl47,Hnrnpc,Vta1,Spice1
120	homer-M00065	0.0353987	3.05364	M3	Gabpa,Elk1,Ets1,Elk4,Erg,Ets2,Etv1,Etv5,Erf,Etv2,Fli1,Fev,Elk3,Etv3,Ehf,Gabpb1,Elf2,Elf3,Spic,Elf1	Insig2,Ercc3,Fam188a,Paip2,Ngrn,Mrpl47,Vta1,Egr2,Pglyrp1,Rxrb,Smn1,Naa20,Mphosph10,Hsd17b11
121	taipale-ACCGGAAGTN-FEV-DBD	0.0353417	3.04659	M3	Fev,Erg,Elk4,Ets2,Elk1,Fli1,Elk3,Erf,Etv2,Etv5,Etv1,Ets1,Gabpa,Etv3,Elf2,Gabpb1,Elf1,Elf3,Elf4,Spic,Ehf,Elf5,Spib	Insig2,Ercc3,Paip2,Ngrn,Fam188a,Mrpl47,Vta1,Egr2,Naa20,Smn1,Hnrnpc,Spice1,Uros,Hsd17b11,Prl,Rxrb,Pglyrp1,Mphosph10,Becn1
122	taipale-ACCGGAARYN-ETV1-DBD	0.0352705	3.03777	M3	Etv1,Fev,Elk3,Elk1,Elk4,Ets2,Erf,Etv2,Erg,Ets1,Etv5,Fli1,Gabpa,Etv3,Elf2,Gabpb1,Elf3,Elf1,Spic,Elf4,Ehf,Elf5,Spdef,Spib	Insig2,Ercc3,Paip2,Ngrn,Fam188a,Mrpl47,Vta1,Egr2,Naa20,Smn1,Hnrnpc,Spice1,Hsd17b11,Mphosph10,Uros
123	transfac_pro-M03832	0.0352705	3.03777	M3	Elk3,Ets1,Ets2,Etv5,Gabpb1,Elf2,Elk4,Erg,Fli1,Fev,Elf1,Elf4,Elk1,Gabpa,Elf3,Etv2,Erf,Etv1,Ehf,Etv3,Elf5,Spic,Smad4	Paip2,Fam188a,Ercc3,Dnajb4,Insig2,Ngrn,Mrpl47
124	taipale-ATGASTCAT-JDP2-full	0.035242	3.03425	M10	Jdp2,Bach1,Batf,Sfpi1	Pmch,Trib1,Arc,Atf4,Srsf7
125	transfac_public-M00025	0.0352277	3.03248	M3	Elk1,Ets1,Ets2,Etv2,Gabpa,Fev,Etv1,Fli1,Elk3,Etv5,Erf,Etv3,Erg,Ehf,Elk4,Elf3,Gabpb1,Elf2,Elf1,Elf4,Sfpi1,Spic,Elf5,Deaf1,Spib,Gata2,Gata3,Gata4,Gata6,Gata1,Gata5	Insig2,Fam188a,Ercc3,Paip2,Egr2,Ngrn,Hnrnpc,Mrpl47,Hsd17b11,Pglyrp1,Mphosph10,Rxrb,Naa20,Spice1
126	flyfactorsurvey-pnt_SANGER_5_FBgn0003118	0.0352135	3.03072	M3	Erg,Elk4,Elk1,Elk3,Fev,Ets2,Fli1,Gabpa,Etv2,Etv1,Erf,Ets1,Etv5,Etv3,Elf1,Elf2,Gabpb1	Insig2,Ercc3,Egr2,Fam188a,Ngrn,Paip2
127	transfac_pro-M02039	0.0351565	3.02367	M3	Gabpa,Fev,Fli1,Etv2,Ets2,Erg,Etv1,Elk3,Ets1,Etv3,Erf,Etv5,Elk4,Elk1,Elf2,Elf3,Elf1,Elf4,Gabpb1,Spic,Ehf,Elf5,Spdef,Spib,Sfpi1	Insig2,Fam188a,Ercc3,Paip2,Ngrn,Mrpl47,Vta1,Hnrnpc,Smn1
128	taipale-ACCGGAARYN-FLI1-DBD	0.0351422	3.02191	M3	Fli1,Fev,Gabpa,Etv2,Ets2,Elk3,Erg,Ets1,Elk4,Etv1,Etv3,Elk1,Erf,Etv5,Elf2,Elf1,Gabpb1,Elf4,Elf3,Ehf,Elf5,Spic,Spdef	Insig2,Ercc3,Paip2,Fam188a,Ngrn,Mrpl47,Hnrnpc,Vta1,Smn1,Naa20,Egr2,Spice1,Dnajb4,Hr,Pglyrp1,Hsd17b11,Rxrb,Mphosph10,Prl,Becn1
129	factorbook-NRF1	0.035128	3.02014	M8	Nrf1,Zscan10	Wrb,Dpy30,Srsf7,Sbds,Insig2,Rxrb,Higd2a,Commd8,Tomm7,Ap2m1,Retsat,Eapp,Thop1,Spice1
130	transfac_pro-M02038	0.035071	3.01309	M3	Fli1,Ets2,Fev,Gabpa,Etv2,Erg,Elk3,Ets1,Etv1,Etv3,Erf,Elk4,Etv5,Elk1,Elf2,Elf3,Elf1,Gabpb1,Elf4,Spic,Ehf,Elf5,Spib,Spdef,Sfpi1	Insig2,Ercc3,Fam188a,Paip2,Ngrn
131	yetfasco-1124	0.0350425	3.00957	M26		Nr4a1,Dnajb4,Retsat,Dpy30
132	tfdimers-MD00273	0.0350282	3.00781	M27	Gata2,Gata3,Gata4,Gata6,Gata1,Mzf1,Gata5	Prl,Hcrt,Dnajb4,Comt,Syt4,Retsat,Srsf7,Ddo,Pmch
133	transfac_public-M00013	0.0350282	3.00781	M16		Srsf7,Trib1,Pmch,Atf4
