; Name	BRAIN
; Species and nomenclature	Mus musculus, MGI symbols
; Motif collection	10K (9713 PWMs)
; Minimum NEScore	3.0
; Rank threshold for visualization	5000
; ROC threshold for AUC calculation (%)	0.03
; Minimum identity between orthologous genes	0.0
; Maximum false discovery rate (FDR) on motif similarity	0.001
; Motif rankings database	500bp upstream (7 species)
; Number of valid nodes	24
; iRegulon version	iRegulon v1.3 (build: 2015-02-12)
# Rank	Motif id	AUC	NES	ClusterCode	Transcription factor	Target genes
1	tfdimers-MD00017	0.16067	6.71859	M1	Ikzf2	Rabac1,Rpl37,Vstm2l,Ctss,Nenf,Rpl22l1,Rpl30
2	yetfasco-1430	0.141788	5.83978	M2		Rpl22l1,Nenf,Rpl18a,Rpl39,Rpl37,Rpl30,Pcsk1n,Rabac1
3	swissregulon-GZF1.p2	0.121395	4.89066	M3	Gzf1	Rpl22l1,Gatm,C4b,Il33
4	yetfasco-69	0.120022	4.82675	M4		Rpl39,Rpl37,Rpl30,Pcsk1n,Rabac1
5	jaspar-MA0290.1	0.116452	4.66057	M5		Rpl39,Rpl37,Rpl30,Pcsk1n,Rabac1
6	yetfasco-1011	0.113224	4.51037	M6		Vstm2l,Rpl39,Rpl37,Rpl30,Pcsk1n,Rabac1
7	swissregulon-POU6F1.p2	0.111165	4.4145	M7	Pou6f1	Vstm2l,Rpl22l1,Pcdhb9
8	yetfasco-1276	0.110821	4.39852	M8	Gm13152	Rpl39,Rpl37,Rpl30,Pcsk1n,Rabac1
9	yetfasco-2131	0.110615	4.38894	M9	Gata1,Gata5,Gata4,Gata3,Gata2,Gata6,Nr3c1,Pax4,Yy1,Mycs	Nkx6-2,Vstm2l,Ctss
10	yetfasco-551	0.110203	4.36976	M10		Vstm2l,Pcdhb9,Rpl30
11	jaspar-MA0324.1	0.110135	4.36657	M10		Vstm2l,Pcdhb9,Rpl30
12	tfdimers-MD00442	0.109997	4.36017	M11	Pdx1,Bptf,Hnf1a,Hnf1b,Isl1,Irx4,Foxo1,Pax4,Nfya,Nfyc,Hoxa13,Rax,Pou3f2	Pcsk1n,Vstm2l,Il33,Ctss
13	yetfasco-1200	0.109997	4.36017	M8	Gm13152	Rpl39,Rpl37,Rpl30,Pcsk1n,Rabac1
14	yetfasco-1062	0.109929	4.35698	M12		Rpl39,Rpl37,Rpl30,Pcsk1n,Rabac1
15	yetfasco-965	0.10986	4.35378	M13		Rpl39,Rpl37,Rpl30,Pcsk1n,Rabac1
16	tfdimers-MD00318	0.107937	4.2643	M11	Nr2f2,Nr2f1,Pax4,Tcf3,Srf,Gata2,Gata3,Gata4,Gata6,Gata1,Gata5,Tbp,Tbpl2,Tbpl1,Jazf1,Mef2b,Mef2a,2310045N01Rik,Mef2c,Mef2d	C1qtnf4,C4b,Vstm2l
17	tfdimers-MD00083	0.107869	4.26111	M14	Ing4,Yy2	Gatm,Trem2,Ass1
18	homer-M01751	0.106083	4.17802	M5		Rpl39,Rpl37,Rpl30,Pcsk1n,Rabac1
19	encode-UW.Motif.0061	0.105466	4.14926	M15		C4b,Rabac1,Trem2,Il33,Gatm,Pcdhb9,Rpl37
20	yetfasco-1131	0.104504	4.10452	M16		Rpl39,Rpl37,Rpl30,Pcsk1n,Rabac1
21	yetfasco-960	0.104504	4.10452	M16		Rpl39,Rpl37,Rpl30,Pcsk1n,Rabac1
22	yetfasco-1205	0.104024	4.08215	M17		Il33,Rpl39,Rpl37,Rpl30,Pcsk1n,Rabac1
23	encode-UW.Motif.0425	0.103886	4.07576	M15		Rpl37,Ass1,Rpl30
24	jaspar-CN0052.1	0.103062	4.03741	M18		Vstm2l,Pcdhb9,Nkx6-2,Il33
25	taipale-AGGTGTGAANTTCACACCT-TBX15-DBD	0.10217	3.99587	M19	Tbx15,Tbx18,Tbx22,Eomes,Tbx1,Tbx20,Tbr1,Tbx4,Mga,Tbx2,Tbx6	Pcdhb9,Rpl39,Rpl37,Rpl30,Pcsk1n,Rabac1
26	transfac_pro-M03549	0.102032	3.98947	M9	Gata4,Gata6,Gata1,Gata3,Gata5,Gata2,Pax4,Yy1,Mycs,Smad4,Lmo2,Nr3c1	Nkx6-2,Vstm2l,Ctss,Pcdhb9,Il33,Pcsk1n,Trem2,C1qtnf4
27	hdpi-RARG	0.101895	3.98308	M20	Rarg	Vstm2l,Rpl30,Rpl39,Prr24
28	taipale-AGATAANN-GATA4-DBD	0.101689	3.9735	M9	Gata4,Gata1,Gata2,Gata6,Gata5,Gata3,Nr3c1	Nkx6-2,Vstm2l,Ctss
29	yetfasco-1097	0.10162	3.9703	M21		Rpl39,Rpl37,Rpl30,Pcsk1n,Rabac1
30	transfac_pro-M00789	0.101277	3.95432	M9	Gata1,Gata3,Gata5,Gata2,Gata6,Gata4,Pax4,Elk1,Mycs,Ing4,Yy1,Hand2,Max,Usf2,Tcf12,Myog,Myf6,Mxi1,Mitf,Hand1,Tfeb,Tal1,Mxd4,Nhlh1,Myc,Myf5,Arid5b,Mxd1,Tal2,Tcf4,Mxd3,Tcf3,Bhlhe41,Smad4,Nr3c1	Nkx6-2,Vstm2l
31	transfac_pro-M01217	0.10114	3.94793	M22	Nr4a1,Nr0b1	C1qtnf4,Vstm2l,Gatm,Pcsk1n
32	homer-M00405	0.101071	3.94474	M7		Vstm2l,Nkx6-2,Rpl22l1,Gatm,Rpl39,Ass1
33	taipale-AGATAANN-GATA3-DBD	0.100934	3.93834	M9	Gata3,Gata1,Gata2,Gata6,Gata5,Gata4,Nr3c1	Nkx6-2,Vstm2l,Ctss
34	taipale-GCGGACSNNNNNNSGTCCGC-HINFP1-full	0.100796	3.93195	M23	Hinfp	Rpl39,Rpl37,Rpl30,Pcsk1n,Rabac1
35	transfac_public-M00471	0.100728	3.92876	M7	Tbp	Vstm2l,Nkx6-2,Rpl22l1
36	yetfasco-1026	0.0999725	3.8936	M24		Rpl39,Rpl37,Rpl30,Pcsk1n,Rabac1
37	jaspar-PF0118.1	0.0994919	3.87123	M25		Rpl18a,Vstm2l
38	transfac_pro-M03216	0.0992859	3.86165	M9	Gata6,Gata4,Gata1,Gata5,Gata2,Gata3,Pax4,Mycs,Yy1,Smad4,Nr3c1	Nkx6-2,Vstm2l
39	factorbook-GATA1	0.0983933	3.8201	M9	Gata2,Gata1,Gata6,Gata3,Nr3c1,Sirt6,Pax4,E2f6,Mycs	Nkx6-2,Vstm2l,Ctss,Trem2,Il33,Pcdhb9,Gatm,C4b
40	elemento-AAGGCCA	0.0983246	3.81691	M4		Vstm2l,C1qtnf4
41	taipale-AGATAANN-GATA3-full	0.0983246	3.81691	M9	Gata3,Gata1,Gata2,Gata6,Gata5,Gata4,Nr3c1	Nkx6-2,Vstm2l,Ctss
42	taipale-GGTGTGAWATCACACC-TBX21-full	0.0981873	3.81052	M19	Tbx21,Mga	Trem2,Il33,Rpl30,Rpl39,Rpl37,Pcsk1n,Rabac1
43	transfac_pro-M03564	0.097432	3.77536	M7	Satb1	Vstm2l,Nkx6-2,Rpl22l1
44	taipale-AGATAANN-GATA5-DBD	0.0968827	3.7498	M9	Gata5,Gata2,Gata1,Gata6,Gata3,Gata4,Nr3c1	Nkx6-2,Vstm2l,Ctss
45	taipale-ATCAATTGCAGTGAT-Sox10-DBD	0.0968827	3.7498	M26	Sox10,Sox8,Sox9,Sox18,Sox4	Rpl39,Rpl37,Rpl30,Pcsk1n,Rabac1
46	transfac_pro-M01969	0.0958528	3.70186	M27	Foxo1	Rpl39,Rpl37,Rpl30,Pcsk1n,Rabac1
47	transfac_public-M00465	0.0957841	3.69867	M7	Pou6f1	Vstm2l,Rpl22l1,Pcdhb9,C1qtnf4
48	taipale-TWCCCAYAATGCATTG-ZNF143-DBD	0.0949602	3.66032	M28	Zfp143	Rpl30,Rabac1,Rpl18a
49	yetfasco-927	0.0949602	3.66032	M11		Vstm2l,Rpl22l1,Il33
50	jaspar-CN0056.1	0.0942736	3.62836	M29		Vstm2l,C1qtnf4,Il33,Rpl22l1,Pcdhb9,Ctss,C4b,Chchd10
51	yetfasco-1084	0.0936556	3.5996	M30		Rpl37,Ctss,Rpl39,Rpl30,Pcsk1n,Rabac1
52	jaspar-PF0097.1	0.0922137	3.53249	M29		Vstm2l,C1qtnf4,Rpl39,Pcsk1n,Rpl22l1,Il33,Nkx6-2,Pcdhb9,Ass1,Rpl30,Gatm
53	stark-RBYGTGRGAAMCB	0.0920764	3.5261	M31	Rbpj,Rbpjl	Rpl39,Rpl30,Gatm
54	homer-M01812	0.091733	3.51012	M32		Rpl39,Rpl37,Rpl30,Pcsk1n,Rabac1
55	tfdimers-MD00429	0.0915271	3.50053	M1	Ikzf2,Arid3a,Otx1,Otx2,Pitx2,Obox5,Pdx1,Hnf1b,Hnf1a,Ikzf1	Nkx6-2,Vstm2l,C1qtnf4,Rpl22l1,Rabac1,Ass1,Rpl39
56	yetfasco-725	0.0915271	3.50053	M32		Rpl39,Rpl37,Rpl30,Pcsk1n,Rabac1
57	tfdimers-MD00286	0.0903598	3.44621	M1	Ikzf2,Hnf1a,Gsc,Obox5,Obox1,Pitx1,Otx1,Obox3,Pitx2,Otx2	Rpl22l1,Vstm2l,Trem2,Rpl30
58	yetfasco-1360	0.0901538	3.43662	M9	Gata5,Gata1,Gata4,Gata3,Gata2,Gata6	Nkx6-2,Vstm2l
59	transfac_pro-M01877	0.0899478	3.42703	M9	Gata2,Gata1,Gata6	Vstm2l,Nkx6-2,Trem2,Ctss,Pcdhb9,Ass1,Il33,Pcsk1n,Rpl39,Rpl37
60	transfac_pro-M02814	0.0894672	3.40466	M11	Tbp,Hmgb4,Gm5828,Tox4,Tox2,Tox3,Tox,Tbpl2,Tbpl1	Vstm2l,Rpl22l1,Gatm
61	transfac_pro-M02897	0.0893299	3.39827	M11	Six6	Rpl22l1,Il33,Vstm2l
62	transfac_pro-M01112	0.0892612	3.39508	M31	Rbpj,Rbpjl	Rpl39,Rpl30
63	yetfasco-1007	0.0887119	3.36951	M10		Ass1,Rpl30,Rpl37
64	encode-UW.Motif.0395	0.0883686	3.35353	M33		Rpl37,Ctss,C4b
65	transfac_pro-M01872	0.0880939	3.34075	M24	Dbp,Crx,Tbp,Tfap2c,Mzf1	Pcdhb9,Vstm2l,Gatm
66	encode-UW.Motif.0010	0.0880253	3.33755	M34	Nf1,Yy1	Rabac1,C4b
67	transfac_pro-M02317	0.0878193	3.32797	M35	Six6,Six3	Nkx6-2,Vstm2l
68	yetfasco-2113	0.0875446	3.31518	M1	Gm13152	Nkx6-2,Pcdhb9,Trem2
69	yetfasco-962	0.087476	3.31199	M35	Gata5,Gata4,Gata1,Gata2,Gata3,Gata6	Vstm2l,Nkx6-2
70	yetfasco-616	0.0874073	3.30879	M32		Rpl39,Rpl37,Rpl30,Pcsk1n,Rabac1
71	yetfasco-1134	0.0873386	3.3056	M36		Rpl30,Rpl39,Rpl37,Pcsk1n,Rabac1
72	yetfasco-28	0.0873386	3.3056	M35		Vstm2l,Nkx6-2
73	transfac_public-M00264	0.0871327	3.29601	M28	Zfp143	Rabac1,Rpl30
74	homer-M00073	0.0869953	3.28962	M9	Gata3,Gata2,Gata6,Gata1,Gata4,Nr3c1	Nkx6-2,Ctss,Vstm2l
75	transfac_pro-M01619	0.0869953	3.28962	M9	Gata3,Gata4,Gata2,Gata5,Gata6,Gata1	Nkx6-2,Vstm2l
76	transfac_public-M00346	0.0869953	3.28962	M9	Gata1,Gata2	Nkx6-2,Vstm2l
77	taipale-NAASATCAAAGN-TCF7L1-full	0.0867893	3.28003	M37	Tcf7l1,Lef1,Tcf7l2,Tcf7,Tcf4	Vstm2l,Prr24,Pcdhb9
78	jaspar-CN0205.1	0.0865834	3.27044	M38		Vstm2l,Ctss,Pcdhb9,C4b,Nkx6-2
79	homer-M00092	0.0863774	3.26086	M39	Hoxc9	Vstm2l,Nkx6-2
80	yetfasco-1866	0.0863774	3.26086	M21		Vstm2l,Ctss,Pcdhb9,C1qtnf4
81	encode-UW.Motif.0118	0.08624	3.25447	M35		Nkx6-2,Vstm2l
82	yetfasco-1086	0.0854848	3.21931	M40	Kdm4d,Kdm4c,Kdm4b,Kdm4a	Rabac1,Il33,Pcdhb9,C4b,Rpl39,Rpl37,Rpl30,Pcsk1n
83	encode-UW.Motif.0187	0.0854161	3.21612	M34		C4b,C1qtnf4
84	jaspar-MA0036.1	0.0854161	3.21612	M9	Gata2	Vstm2l,Nkx6-2
85	transfac_pro-M02006	0.0854161	3.21612	M9	Gata5	Vstm2l,Nkx6-2
86	transfac_public-M00462	0.0854161	3.21612	M9	Gata6,Gata1,Gata2,Nr3c1	Vstm2l,Nkx6-2
87	tfdimers-MD00052	0.0852788	3.20973	M1	Yy1,Gfi1	Vstm2l,Ctss
88	tfdimers-MD00069	0.0852788	3.20973	M1	Ikzf1,Pdx1,Pitx2,Hnf1b	Ctss,Rpl30,Ass1,C1qtnf4
89	factorbook-CTCF-ext	0.0849355	3.19375	M34	Smc3,Ctcf,Rad21,Ctcfl	Pcdhb9,Trem2,Il33
90	taipale-ATGAATTGCAGTCAT-SOX10-full	0.0847981	3.18736	M26	Sox10,Sox9,Sox8,Sox7,Sox18	Rpl39,Rpl37,Rpl30,Pcsk1n,Rabac1
91	jaspar-CN0179.1	0.0845921	3.17777	M41		Vstm2l,Rpl39
92	yetfasco-1143	0.0845921	3.17777	M37		Ctss,Vstm2l
93	yetfasco-1247	0.0845235	3.17457	M17		Prr24,Vstm2l
94	jaspar-CN0063.1	0.0844548	3.17138	M29		Vstm2l,Ctss,Gatm,C1qtnf4,Il33
95	stark-ATGANNNNTCA	0.0843175	3.16499	M40		Vstm2l,Ctss
96	elemento-CATCAAGG	0.0841115	3.1554	M13		Vstm2l,Prr24
97	jaspar-PF0094.1	0.0837682	3.13942	M29		Vstm2l,Nkx6-2
98	tfdimers-MD00157	0.0836309	3.13303	M11	Tlx2,Myb,Dbx1,Dbx2,Lmx1b,Hoxd8,Hnf1a,Hnf1b,Vsx1,Lhx1,Lhx3,Lhx5,Hoxb4,Hoxc5,Nkx6-3,Lmx1a,Hoxc6,Nkx6-1,Msx1,Lhx9,Pou4f3,Hoxa4,Alx1,Pax7,Barx2,Hoxa7,Otp,Pou2f1,Prop1,Pax6,Hoxc4,Isl2,Phox2b,Pou3f1,Pou1f1,Nfe2l1,Crx	Il33,Rpl39,Rpl22l1,Vstm2l,Ctss
99	taipale-TYTCACACCTNNNAGGTGTGARA-TBX1-DBD	0.0834935	3.12664	M42	Tbx1,Eomes,Tbx21,Tbr1,Tbx2,Tbx15,Tbx6,Tbx20,Mga	Rpl39,Rpl37,Rpl30,Pcsk1n,Rabac1
100	transfac_pro-M00638	0.0833562	3.12025	M22	Hnf4a,Nr2f1,Nr2f2,Hnf4g,Ppara,Ppard,Pparg,Rxrg,Rxrb,Nr1h2	Vstm2l,Rpl30,C4b
101	tfdimers-MD00175	0.0832876	3.11705	M1	Ep300,Gtf2ird1,Hoxa13	Rpl22l1,Rabac1,Ctss
102	transfac_pro-M01269	0.0832189	3.11386	M22	Nr4a2	C1qtnf4,Vstm2l
103	hdpi-R3HDM2	0.0831502	3.11066	M7	R3hdm2	Vstm2l,Nkx6-2
104	taipale-TAGAYRAYTGMCANGAA-ZNF713-full	0.0831502	3.11066	M43		Rpl18a,Rpl39,Rpl37,Rpl30,Pcsk1n,Rabac1
105	yetfasco-1816	0.0831502	3.11066	M44	Srf	Vstm2l,C4b,Rpl37
106	jaspar-CN0080.1	0.0830816	3.10746	M45		Pcdhb9,Rpl22l1,Trem2,Il33
107	tfdimers-MD00416	0.0828756	3.09788	M11	Hnf1b,Hnf1a,Dbx1,Tlx2,Rax,Irx4,Nfya,Nfyc,Crx,Pparg,Myb,Isl1,Runx1	Vstm2l,Pcsk1n
108	yetfasco-1358	0.0825323	3.0819	M9	Gata5,Gata1,Gata4,Gata3,Gata2,Gata6	Nkx6-2,Vstm2l
109	transfac_pro-M02932	0.0824636	3.0787	M11	Zfp128	Vstm2l,Rpl22l1,C4b,Il33,Gatm
110	encode-UW.Motif.0675	0.082395	3.07551	M34		Ass1,C1qtnf4,Pcsk1n
111	jaspar-PF0067.1	0.082395	3.07551	M40	Nfe2l1,Mafg,Nfe2l2,Dbp	Rpl22l1,Vstm2l
112	tiffin-TIFDMEM0000083	0.082395	3.07551	M39		Rpl22l1,Gatm,Vstm2l
113	transfac_public-M00047	0.0819143	3.05314	M11		Vstm2l,Ass1,Pcsk1n
114	flyfactorsurvey-GATAd_SANGER_5_FBgn0032223	0.081777	3.04675	M46		Nkx6-2,Vstm2l
115	flyfactorsurvey-pnr_SANGER_5_FBgn0003117	0.081777	3.04675	M9	Gata5,Gata4,Gata6,Gata1	Nkx6-2,Vstm2l
116	swissregulon-TLX1..3_NFIC_dimer_.p2	0.081571	3.03716	M34	Tlx3,Tlx1,Nfic,Nfix,Nfia,Nfib,Nf1,Yy1	C4b,Il33,Gatm
117	yetfasco-539	0.081571	3.03716	M9	Gata1,Gata5,Gata3,Gata4,Gata2,Gata6,Yy1,Pax4	Nkx6-2,Vstm2l
118	transfac_pro-M03188	0.0815023	3.03396	M47		C4b,Gatm
119	transfac_pro-M03191	0.0815023	3.03396	M47		C4b,Gatm
120	taipale-SSYTAATCGRWAANCGATTAR-VENTX-DBD	0.081365	3.02757	M48		Pcsk1n,Rpl39,Rpl37,Rpl30
121	swissregulon-GATA6.p2	0.0812963	3.02438	M9	Gata6,Gata1,Gata2,Gata4,Gata3,Gata5,Nr3c1,Pax4,Sirt6,Mycs	Vstm2l,Nkx6-2,Ctss,C1qtnf4,Pcdhb9,C4b,Pcsk1n,Trem2,Il33,Gatm
122	taipale-NNTTTTGGCGCCAAAANN-E2F3-DBD	0.0812277	3.02118	M47	E2f3	C4b,Rpl39,Rpl37,Rpl30,Pcsk1n,Rabac1
123	yetfasco-1109	0.0812277	3.02118	M49	Mef2a,2310045N01Rik,Mef2b,Mef2c,Mef2d	Rpl39,Rpl37,Rpl30,Pcsk1n,Rabac1
124	flyfactorsurvey-So_SOLEXA_FBgn0003460	0.0810904	3.01479	M35	Six1,Six2,Six5,Six4	Vstm2l,Nkx6-2
125	homer-M01750	0.0810904	3.01479	M9	Gata2,Gata1,Zfp217	Nkx6-2,Vstm2l,Pcdhb9,Trem2,Ass1,Pcsk1n,C1qtnf4,Ctss,Rpl39
126	yetfasco-2207	0.0810904	3.01479	M9	Gata5,Gata1,Gata4,Gata2,Gata3,Gata6,Nr3c1	Vstm2l,Nkx6-2
127	tfdimers-MD00493	0.0810217	3.01159	M11	Nfe2l1,Myb,Hnf1b,Hnf1a,Pax4	Il33,Vstm2l,Cyb5r1,Ctss,Rpl39
128	hdpi-MRPS25	0.080953	3.0084	M41	Mrps25	Vstm2l,Rpl39
129	jaspar-MA0035.2	0.080953	3.0084	M9	Gata1,Gata2,Gata6,Tal1,Gata5,Gata3,Nr3c1,Sirt6,E2f6	Nkx6-2,Vstm2l,Ctss
130	homer-M00586	0.0808157	3.00201	M48	Hoxc5,Hoxb4,Hoxc4,Hoxa4,Hoxa3,Hoxb3,Hoxd3,Isl1,Hoxb6,Hoxb5,Hoxc6,Hoxa6,Hoxa5,Evx1,Evx2	Vstm2l,Nkx6-2
